<?xml version="1.0" encoding="UTF-8" standalone="yes"?>
<student-data xmlns:xsi="http://www.w3.org/2001/XMLSchema-instance">
	<record>
		<Id>1</Id>
		<Name>Basil</Name>
		<Desc>Fresh import for Sale 2015 Range rover Evoque HSE, Si4, Red, 5 door, Petrol, 1990 cc, Automatic, 4wd, Feul Economy start 3.5/6</Desc>
		<Server>1</Server>
		<Items>1.jpg;2.jpg;3.jpg;4.jpg;5.jpg;6.jpg;7jpg;8.jpg</Items>
		<ItemDescription>hello1;hello2;hello3;hello4;hello5;hello6;hello7;hello8</ItemDescription>
		<ItemIndex>1.jpg</ItemIndex>
		<Phone>09432d145</Phone>
		<Email>someone@gmail.com</Email>
		<Mobile>2102628951</Mobile>
		<website>www.somesite.com</website>
	</record>
	<record>
		<Id>2</Id>
		<Name>Reno</Name>
		<Desc>Fresh import for Sale 2015 Range rover Evoque HSE, Si4, Red, 5 door, Petrol, 1990 cc, Automatic, 4wd, Feul Economy start 3.5/6</Desc>
		<Server>1</Server>
		<Items>1.jpg;2.jpg;3.jpg;4.jpg;5.jpg;6.jpg;7jpg;8.jpg</Items>
		<ItemDescription>hello1;hello2;hello3;hello4;hello5;hello6;hello7;hello8</ItemDescription>
		<ItemIndex>2.jpg</ItemIndex>
		<Phone>09432d145</Phone>
		<Email>someone@gmail.com</Email>
		<Mobile>2102628951</Mobile>
		<website>www.somesite.com</website>
	</record>
</student-data>