owener,id,title,type
AaronKho1@TRANSPORT,9b81a0daa0ca4ffd9ef6b4d031bb1ec7,MailMerge Webmap,Web Map
AlanMeha1@TRANSPORT,34619716e2004efcac7b55ef27880338,Auckland Cycle Network (ACN) - Web Map-Copy,Web Map
AlanPedd1@TRANSPORT,d448fe5cf82643e5b9ea092fb2016624,Light Rail Line (from KMZ) - web map,Web Map
AmitKokj1@TRANSPORT,bab8437108c945338028030e62b74ff2,HPMV Permits Routes,Web Map
AmitKokj1@TRANSPORT,365c93e72692408280fb4882bc72e624,Infrastructure Projects Viewer Map,Web Map
AmitKokj1@TRANSPORT,d1529fd89468427daab627e05b81ba74,Journey Times Demo,Web Map
AmitKokj1@TRANSPORT,86db022c997a4d1e810be6f005625e49,Auckland real-time Traffic,Web Map
AmitKokj1@TRANSPORT,4eb24124f981435a81e79f3afeb65c57,Walking and Cycling web map - Editing,Web Map
AmitKokj1@TRANSPORT,5e2488c44aea4962bedcec1b0dd1f059,HPMV Permits Editing,Web Map
AmitKokj1@TRANSPORT,479fcfe4560b4c818d7a46911115ee1d,CRL Project Activity,Web Map
AmitKokj1@TRANSPORT,6767365e0abe4622a3ebf6a7dd029b50,Cone Collection,Web Map
AmitKokj1@TRANSPORT,010f283165384989b022fee57c622743,CCTV Capture for Desktop App,Web Map
AmitKokj1@TRANSPORT,b6bca599eb21401ab1d7568af60be85a,Ver 2.0AT MCP MIW Viewer,Web Map
AmitKokj1@TRANSPORT,48d91472e8354233b2369393204c3950,Walking Cycling web map - Printing,Web Map
AmitKokj1@TRANSPORT,3864064bc27547a7bcf4435e7bcfb476,AT Roadworks-Copy,Web Map
AmitKokj1@TRANSPORT,53e32dbeb6654aa5938a12e50b4617de,Planned Cycle Route Capture,Web Map
AmitKokj1@TRANSPORT,7184ca87b6f64c289cb1baba21d639b3,Public Consultation Cycle Routes and Barriers Webmap,Web Map
AmitKokj1@TRANSPORT,b79b97c969744767bc5738bc30179ff3,TEST WAB,Web Map
AmitKokj1@TRANSPORT,159cc6ca67cc4be3bc6c333b2a8afa19,Walking and Cycling web map - Editing-10.5,Web Map
AmitKokj1@TRANSPORT,42d5c011c21342cbab250e5bf1c4e09c,UAT WAB 2.4 Test,Web Map
AmitKokj1@TRANSPORT,c8690f448a204d7d93707ae748628f53,Generic Test Map,Web Map
AmitKokj1@TRANSPORT,69669c52c4f44880a56cc32ccc0e199d,Maps on External Website - Test Map for Moorings-Copy,Web Map
AmitKokj1@TRANSPORT,9c73b2c71ebf4316a0a49f6e83886dbc,Bus Stop Selection - WebMap,Web Map
AmitKokj1@TRANSPORT,2cd1293505434282a8880202c09fc698,Test,Web Map
AmitKokj1@TRANSPORT,00fd563a93624e8b9c15d57ac328ca3e,10.6.1 Test Map,Web Map
AmitKokj1@TRANSPORT,989e4cff9189438faabaa858e8e24e17,Vector Tiles,Web Map
AndriaDs1@TRANSPORT,1aa4b2f9bd3d4bda99fccdbaf3d82c53,Auckland Cycle Network - Partial Edit-Copy,Web Map
AndriaDs1@TRANSPORT,64ae133afadc4069abb8c98f1e79af21,Western JC PP,Web Map
AndriaDs1@TRANSPORT,f9c1b7a14950469dba65d60abea69229,Airport links PP,Web Map
AndriaDs1@TRANSPORT,57800054ba4d4c6e822cbad51d5d62bc,Auckland Cycle Network Consolidated Projects-West,Web Map
AndriaDs1@TRANSPORT,134f07a3f2f04d2996e0c440d2f13069,Auckland Cycle Network-Consolidated South,Web Map
AndriaDs1@TRANSPORT,de7fb3b01ba9461184594222b83ad5db,Auckland Cycle Network-CBD corridor and consolidated projects,Web Map
AndriaDs1@TRANSPORT,fe75dbe4cdfe4d7b95c071e2cfefc14f,Auckland Cycle Network-Consolidated projects North-Copy,Web Map
AndriaDs1@TRANSPORT,04955c3352f84bd492c00996e3415214,South Eastern Journey Corridor - Project Prioritization,Web Map
AndriaDs1@TRANSPORT,44a416a7f6604c4b888da24bde74b067,Auckland Cycle Network-Consolidated projects CBD,Web Map
AndriaDs1@TRANSPORT,7a42f024212e43eea28843e22291c0d4,Auckland Cycle Network West- Consolidated projects and journey corridors,Web Map
AndriaDs1@TRANSPORT,eaff16de8a774f09bc6dc7b4562acee4,Auckland Cycle Network-Eastern Suburbs corridor and consolidated projects-Copy,Web Map
AndriaDs1@TRANSPORT,08487955643144cda1c0731def775b82,Auckland Cycle Network-Consolidated projects North,Web Map
AndriaDs1@TRANSPORT,d0a31ccc77e543b39ff6edb5d98679f7,Northern JC PP 1,Web Map
AndriaDs1@TRANSPORT,fd655d4bbd7e43e485ffe66674a5b05d,Auckland Cycle Network- Northern Journey Corridor,Web Map
AndriaDs1@TRANSPORT,0a3592729c8d45c4aa9720138dd09550,Northern Journey Corridor Project Priority,Web Map
AndriaDs1@TRANSPORT,7a8be2c528c442deb4b317ee9dc33b0f,Auckland Cycle Network-Airport links corridor and consolidated projects-Copy-Copy,Web Map
AndriaDs1@TRANSPORT,b58d26d286b04829b619d811b6efa629,Dominion Road Journey Corridor - Project Prioritisation,Web Map
AndriaDs1@TRANSPORT,e98f14602dfd4b639a4d1881cb1c32a3,Auckland Cycle Network-south corridor and consolidated projects,Web Map
AndriaDs1@TRANSPORT,baad21df73f643a3a3726c68675edd3f,southern JC PP,Web Map
AndriaDs1@TRANSPORT,3d315ab47b0040aa85faccddddfce416,City centre JC PP,Web Map
AndriaDs1@TRANSPORT,47c904587bd04f9ead6a2a33e48d7366,Auckland Cycle Network-Eastern corridor and  consolidated projects,Web Map
AndriaDs1@TRANSPORT,9e9a8f72b4754faba147ffd090cf9047,Central Eastern Journey Corridor - Project Prioritisation,Web Map
AndriaDs1@TRANSPORT,8018042e86ce454d8caa1a307be642a1,Auckland Cycle Network AECOM Resolved Consolidated Data-Waiheke,Web Map
AndriaDs1@TRANSPORT,303cd5479df6485b839a4552a586ea5d,Cycle Parking web map-Puketapapa Local Board,Web Map
AndriaDs1@TRANSPORT,f708e2330c7d454a82a7d58365034218,Auckland Cycle Network-Consolidated projects Central,Web Map
AnnaEile1@TRANSPORT,f29679189d71418e8b37c872676f9093,Points of interest data changes - review,Web Map
AnnaEile1@TRANSPORT,1dc942f4f77f4a5997d658393f5e78ae,RAMM Contractor Jobs Central - POC,Web Map
AnnaEile1@TRANSPORT,422d8774681a4c01bc896362d819b6eb,Points of interest feedback map,Web Map
AnnaEile1@TRANSPORT,42d5289dd5b9494da741f9fe9fee41d9,New Network North Customer Services - map,Web Map
AnnaEile1@TRANSPORT,75d003db1b704798a01bb32e32ca0aca,Lime Scooter analysis,Web Map
AnnaEile1@TRANSPORT,a830607cff93466681022e6c8127b145,New Smartrak  data,Web Map
AnnaEile1@TRANSPORT,ea9f07610daf45359da7e218a51189b4,Major Capital Works Map,Web Map
AnnaEile1@TRANSPORT,e7d6fe9db3d048bd9d89831d2628c503,Smartrak and Bus Frequency validation map,Web Map
AnnaEile1@TRANSPORT,0955fe21d2744303a855534f5986d8e5,Near Hits Dashboard Map,Web Map
AnnaEile1@TRANSPORT,f29ce7a4a69d4743b71cc497dfd4312e,Parking Tariff by Zone,Web Map
AnnaEile1@TRANSPORT,bb1b8e6ddab948039eeae7c590833205,New Network North Customer Services for analytics - map,Web Map
AnnaEile1@TRANSPORT,b375763a8abe4e658bf38d05cd614a1a,Near Hits manipulated data Dashboard Map,Web Map
AnnaEile1@TRANSPORT,718d50bd00264d5399be6947299408e4,Te Whau cycle network,Web Map
AnnaEile1@TRANSPORT,34b3d90fec2c42c781a112b2a140fd91,Near Hits Survey results,Web Map
AnnaEile1@TRANSPORT,a37303c729734aa98a99b4ea5799b912,Coordinate conversion,Web Map
AnnaEile1@TRANSPORT,2c9e02655c8c4b4f99a05d82f168fdd1,Waiheke Consultation - Long term plan,Web Map
AnnaEile1@TRANSPORT,c403b6e6dfbe406d95b6c52f83824341,Snitch data,Web Map
AnnaEile1@TRANSPORT,320a53e683b24fa4b27533634489c543,AT Consultation Locations,Web Map
AnnaEile1@TRANSPORT,b83d3b6cb32a452dbe9f13cf8c8e9d2b,Transport Danger Dashboard Map,Web Map
AnnaEile1@TRANSPORT,5a083c1768784911b96ad852e107542e,Near Hit Survey Map POC,Web Map
AnnaEile1@TRANSPORT,61ef3e16adcd4dc1b05743bb6d85b07e,Parking Zone Map,Web Map
AnnaEile1@TRANSPORT,685d527c66244008b307eb9d05310e42,Mana Whenua Layers POC,Web Map
AnnaEile1@TRANSPORT,200d845beac24819956519447bd0233a,Traffic Crashes Map with near hits,Web Map
AnnaEile1@TRANSPORT,369da0308d4646b7b2017c470cac3cf9,RAMM Active Contracts - demo,Web Map
AnnaEile1@TRANSPORT,9b94813b12e448308f790e2f95927e11,Special Events proof of concept - map,Web Map
AnnaEile1@TRANSPORT,97599888ce774d5fa3ef57b507bc902b,New Network North Feedback - analysis,Web Map
AnnaEile1@TRANSPORT,cec5def95c674230ba60ee0a44d6bea1,STRAVA Map,Web Map
AnnaEile1@TRANSPORT,6f09b0857fdb4b1b9185cfef2b6d6d4c,Maori Freehold land - Web Map,Web Map
AnnaEile1@TRANSPORT,d9d87859c7a64480937933be86b936fe,Updated CAS data from NZTA - for dicsussion,Web Map
AnnaEile1@TRANSPORT,580a9fcebc374294bebfc7f4ab72ea32,Te Waharoa - Web Map,Web Map
AnnaEile1@TRANSPORT,a1ce24fbd4b34925a353a06870b5e3cd,IPV Opportunities & RAMM,Web Map
BenjamiC1@TRANSPORT,032b3f6fd78c465c8c2f45ecee4d59ec,Traffic Control Map,Web Map
BenjamiC1@TRANSPORT,4ef84e36c1e844689bd2bfa3528f3fb2,ITP-MCP Project  Edit,Web Map
BenjamiC1@TRANSPORT,a73535bc220e4749b6a6a2bac914a249,TrafficControlPOC,Web Map
BenjamiC1@TRANSPORT,72b58978521e480082052eae7c990e0d,Disruptions,Web Map
BenjamiC1@TRANSPORT,1f0abfe8deee4595b6112dc50ed27c88,testTransportMapForWebApp,Web Map
BenjamiC1@TRANSPORT,0e81a7d36e3a489cb5ed9b0afbdf558a,testQueryMap,Web Map
BenjamiC1@TRANSPORT,9814bbc33add4769ba742fe2a3febf35,Intech Evaluation,Web Map
BenjamiC1@TRANSPORT,c84b7bd468fa451aae0c5f739b5cfb55,Mail List Validation,Web Map
CallanRi1@TRANSPORT,d4cb97d389f843d79b6ae1c4fd8f35c6,Traffic Count Tube Direction POC,Web Map
CallanRi1@TRANSPORT,1f34e1a498bb48daa4902d187bf19034,ALRT Test Map,Web Map
CallanRi1@TRANSPORT,1e98906f9a5343a39c2995d2322d537d,Navaids Dashboard Map,Web Map
CallanRi1@TRANSPORT,7575695ba41d4ca5b86c86d974ddd115,Auckland Maritime Buffers POC,Web Map
CallanRi1@TRANSPORT,6c4141faf0834a1083807381693312db,NavaidsArcadeTestMap,Web Map
CallanRi1@TRANSPORT,9dff1dfb315e42ff82173b1da6d0c521,WidgetTest,Web Map
CarlChen1@TRANSPORT,fb8ad5a551e6491ba36a56354689d828,Local Board Greenways Plans,Web Map
CarlChen1@TRANSPORT,3bba66fafbff44b4984b5a99b40bd56c,Existing and Proposed Bus lanes - ITP Modelling-Copy,Web Map
CarlChen1@TRANSPORT,99a2500d9e0d425d9f5181f202e1e008,Draft Safety Programme Projects 15-25,Web Map
CarlChen1@TRANSPORT,16073aff459646569bf3918e510e0d84,Isthmus Alternative Routes,Web Map
CarlChen1@TRANSPORT,1263616bc40c45619c8b391ec5d9d74b,Renewal Sample overlay with ACN,Web Map
CarlChen1@TRANSPORT,66e574c987da40e6a6067de4aeac88e6,Auckland Cycle Network AECOM Resolved Consolidated Data-Copy,Web Map
CarlChen1@TRANSPORT,43bde7805fb64b35bf18a92f69c45245,Consolidated LB Greenways Plans,Web Map
CarlChen1@TRANSPORT,032127e2ff2b40e28eeb772825f31d90,Reconciling Regional Networks & Forward Works Programmes,Web Map
CarlChen1@TRANSPORT,a90f466b508a4887827659c956d01a25,2013-14 Renewals overlay with ACN,Web Map
CarlChen1@TRANSPORT,8a368205a65e4ace98f85bcdd550197b,Existing and Proposed Bus lanes - ITP Modelling,Web Map
CarlChen1@TRANSPORT,2398163d8e6245e0b6304d370a437106,New PT Network,Web Map
CarlChen1@TRANSPORT,a9c4ca1921f640729c942fdacc8a9f4e,AT Renewals - Jul 2014 - Jun 2017,Web Map
CarlChen1@TRANSPORT,63f7f7e67dc14b009816e4e032c3d267,Safety Programme - Editable,Web Map
CarlChen1@TRANSPORT,fa99f04c8c4045b3b40626667aecfeca,Local Board Greenways Plans Import,Web Map
CarlChen1@TRANSPORT,677344514f2a4e57bdc335d4f075fd52,Safety Programme - View,Web Map
ChristoP1@TRANSPORT,cd37a0f397764f2a9957223b9d9c759f,Test_CycleConsultationMap_Editing,Web Map
ChristoP1@TRANSPORT,6775992e4eea48ceb2d9e8e228d036e6,test_map2,Web Map
ChrisWhe1@TRANSPORT,b48a0937d63a4202836839926d0d7305,CAR Manager GIS Composite Layers,Web Map
ChrisWhe1@TRANSPORT,f7c0c88921f643c989da9747c212d251,CAR Manager GIS - Areas,Web Map
ChrisWhe1@TRANSPORT,f9441d65c9b8416a811e9717331a975b,CAR Manager GIS - Points,Web Map
ChrisWhe1@TRANSPORT,dcceb2eedffe4c86ad46c7ce238c575e,Adshell stops and intersections,Web Map
ChrisWhe1@TRANSPORT,cf39f941939d4f84b69a12d37bddde6a,CAR Manager GIS - Lines,Web Map
ChunhonH1@TRANSPORT,8d9a99df8140442a9a3c33f790b87868,NOP - Test Map-Copy,Web Map
ClaireCo1@TRANSPORT,a9f6d4e6bda74b2ca826dce8705e74d5,Regional networks,Web Map
ClaireCo1@TRANSPORT,b157c4d84a9b4e00b612cf151cb1f4a1,Regional networks-Copy,Web Map
CordeliM1@TRANSPORT,f0254ab6953b4e62806d10f4e65c5b26,CT Walking School Bus Editing-Copy,Web Map
DanielNu1@TRANSPORT,43b234b37c1e4cad9d31decf0c2feef7,Public Transport Monthly Transactions,Web Map
DanielNu1@TRANSPORT,d004709d71b74f4aa7ac342ff6dbad2c,Potential HOP Gold Card Info Points,Web Map
DanielNu1@TRANSPORT,41aa06313e074554a6a4e0602b77c012,NZFS Suburbs - Subdivisions,Web Map
FraserBa1@TRANSPORT,7d7816f0b8dd4b7d8c0083faedcc5475,GIS Portal FB insight view December 2015,Web Map
HelenGri1@TRANSPORT,5fef8d3597c24491a8b00668806cc8cf,Public Transport Overview (Web map)-Copy,Web Map
JackYu1@TRANSPORT,2bdca809b01a47ea9b9f73ea24b288db,Intersection Warrant,Web Map
JackYu1@TRANSPORT,72521b810f4e41659a963b0d5019eef6,Traffic Overview (Web Map)-Copy,Web Map
JacquelN1@TRANSPORT,8bce5097f2644a9eab8af77478b377a2,Corridor Access Requests Map-Copy-Copy-Copy,Web Map
JacquelN1@TRANSPORT,486bc2aed23c4fd7ac8ccb3d620c6b02,Corridor Access Requests Map-Copy-Copy-Copy-Copy,Web Map
JacquelN1@TRANSPORT,a00dfd6341b24b489d7c67ee8f75e244,Corridor Access Requests Map-Copy-Copy,Web Map
JananiTh1@TRANSPORT,adbdfc7a11f24930bfe66d695b82aebc,Special Vehicle Transit Lanes Editing Map,Web Map
JananiTh1@TRANSPORT,316b4efa6ae447c6bc25ee3593eba2a6,CRM Transport Case Map,Web Map
JananiTh1@TRANSPORT,8651028a2fbb421b943cebd4bf04edf4,Public Transport Overview Map,Web Map
JananiTh1@TRANSPORT,f90d23e1e354431ab8166cd91d38ac54,Te Waharoa - Map,Web Map
JananiTh1@TRANSPORT,7f081d5ee46b42d4bf7d120bc4d6dec3,CCTV Installation Status Map,Web Map
JananiTh1@TRANSPORT,684b9c74eb4040f9b35b0f886d01084c,New Network Planning Map,Web Map
JananiTh1@TRANSPORT,108826be06344b59bf6257be2a4a8e1b,Auckland Cycle Network Editor Map,Web Map
JananiTh1@TRANSPORT,9b9edcd14b204ed29b4a9a2f02e92f7a,Auckland Cycle Network & Parking Map,Web Map
JananiTh1@TRANSPORT,13b290132e824ff0af9fc12b00ba42be,Henderson Cycleways  - Feedback Overview Map,Web Map
JananiTh1@TRANSPORT,73e25b7f20b8459f9a843df2b06ecd36,RAMM Footpath Classification Map,Web Map
JananiTh1@TRANSPORT,40c293a685294ea6954de8a8c0fac831,Risk and Efficiency Road Corridor Classification Map,Web Map
JananiTh1@TRANSPORT,9c2f1fddb1c148558078949caf42ba61,Future Traffic Predictions - Map,Web Map
JananiTh1@TRANSPORT,aacafdb5dd27469bab351109fc2f4760,Urban KiwiRAP Risk indicator Map,Web Map
JananiTh1@TRANSPORT,04a1b0522ed64082bc23976f0994f223,HOP Monthly Transactions Map,Web Map
JananiTh1@TRANSPORT,62b677b002054333af83a3ea9975cc9f,STRAVA Map,Web Map
JananiTh1@TRANSPORT,f8bb35cc31354c97a456de3406a46e67,AMETI Data Inspector Map,Web Map
JananiTh1@TRANSPORT,a26a751f7f75433abc34f610b3f12640,Walking School Bus Editing Map,Web Map
JananiTh1@TRANSPORT,3363be05d9e4477e9f7d5613d3eca531,Te Waharoa - Editing Map,Web Map
JananiTh1@TRANSPORT,cafa4518718d4ad2823dc79c21dbe9bf,Pt Chev to City Limits Cycleways - Pubic Response Map,Web Map
JananiTh1@TRANSPORT,33ea632c1a264ebb883bdfe648181906,Pt Chev to City Fringe Cycleways project - WebMap,Web Map
JananiTh1@TRANSPORT,7c83517f5eb947d58cc517ad2b20953d,Henderson Cycleways  - Feedback Overview Map - POC,Web Map
JananiTh1@TRANSPORT,973518d9c6d54ea79f5b2848bfc2f028,Template webmap,Web Map
JananiTh1@TRANSPORT,3409dbd532234ae9913ad2b780fcee42,Test_Create Layer Issue,Web Map
JananiTh1@TRANSPORT,0cbf309e333c4b47839af0fa87cadb08,Strategy Test Map,Web Map
JananiTh1@TRANSPORT,5ac878975e094d52ae686683ce22034c,Test,Web Map
JananiTh1@TRANSPORT,64d86ec0fea74595bfa8c603892fb4b4,Aerial_Landbase Map-Copy,Web Map
JananiTh1@TRANSPORT,77380ad1a5cf463b8f491592c2de3c26,Query test map,Web Map
JananiTh1@TRANSPORT,6c1ef93bf26e4a12bea71951211ecf22,Standard Map Template,Web Map
JananiTh1@TRANSPORT,9c5f254218694af698f30a0bea725908,Aerial_Landbase Map,Web Map
JasminCa2@TRANSPORT,4cb4c97d6ff24bbda5bead722bc57a12,Double Decker Buses,Web Map
JasminCa2@TRANSPORT,6ac341f5d1214480ae72ce9dab98136d,Hop Locations for Editing,Web Map
JasminCa2@TRANSPORT,21c5e5596e664f7c8be7b19b31824635,Traffic Crashes Map,Web Map
JejyJose1@TRANSPORT,78f67d29fded4f239f43237c30add8ce,AT_Designation_Map,Web Map
JejyJose1@TRANSPORT,43d1a257546e40bba9f58b0b9282cfd3,AT_Parking_Map,Web Map
JejyJose1@TRANSPORT,5d317ed1f7474bfdb3bcf69991d41453,All in One,Web Map
JejyJose1@TRANSPORT,eceb6ff706a8474e9eea8f2fb77fdda7,HOP EOD Validation Map2,Web Map
JejyJose1@TRANSPORT,07c7bded7b864834a080e346aba7d3f4,Standard Map Template,Web Map
JejyJose1@TRANSPORT,656356fb6b3a448587d7b9c308529f0a,Traffic Overview Map,Web Map
JejyJose1@TRANSPORT,a267eba018954e06b08eab4c82caeb30,Dashboard-IPV_Map,Web Map
JejyJose1@TRANSPORT,1380d21b6f2541c7a620e5b939aeb1c0,Dashboard-IPV_Single_Map,Web Map
JejyJose1@TRANSPORT,18a74e39a1414e86a7d190fdaaf485d2,MonthlyHOPMap,Web Map
JejyJose1@TRANSPORT,54367b2b872f4044b6d95db1704d71d7,MonthlyHOPMapQry,Web Map
JejyJose1@TRANSPORT,b01118f6ef084f63ab3e55151e50db60,ATRiskMapping Map,Web Map
JejyJose1@TRANSPORT,c5a957bc262b47009aa408bc59a6a68a,Infrastructure Projects Viewer-POC2,Web Map
JejyJose1@TRANSPORT,36d8cca8eefb44e7b5619ffea1725248,Infrastructure Projects Viewer Map2-FromAmit,Web Map
JejyJose1@TRANSPORT,336bed10679f4a7a91575a88bf3413dd,MonthlyHOPMap-Copy,Web Map
JejyJose1@TRANSPORT,f7a7132e527344c0bc3fc5dc0a2a10e0,SpeedManagement Map20180727,Web Map
JejyJose1@TRANSPORT,cc2705fb74f04a438bf5ebdb882c2957,STRAVA Map,Web Map
JonathaK1@TRANSPORT,b34e80551620458886fa02060fdffe07,Proposed Waitakere Ranges Local Board Greenways Plan,Web Map
JonathLe1@TRANSPORT,7b3fe5a8be734c238d98f55f445ac749,Taxi Stands,Web Map
JonathLe1@TRANSPORT,9597d44be1c2468ca0e8a700d5fbe7fb,Parking Machines,Web Map
JuanZulu1@TRANSPORT,fc83f2849c094c698f6170c03a8b8aca,Traffic Overview (Web Map)-Copy,Web Map
KieranOD1@TRANSPORT,15b1692a446c4470bb392f9ef6111c7a, Road Quality Satisfaction,Web Map
KieranOD1@TRANSPORT,3f398c65c6f74f248d70cda0b1973cdd, Work Parking Availability Satisfaction,Web Map
KieranOD1@TRANSPORT,83fbd46ad7a048299ded672610063f2a, Sealed Road Quality Satisfaction,Web Map
KieranOD1@TRANSPORT,58f5e933f5164109b11e97d105a58f7b,Traffic Flow Satisfaction,Web Map
KieranOD1@TRANSPORT,105b9efc0dab48909624dec3945759c8,Standard Map Template,Web Map
KieranOD1@TRANSPORT,a2156439ee5d4ae4936c7978816c938b,HOP EOD Validation Map,Web Map
KieranOD1@TRANSPORT,d04b9f62eb0c4c1eb13740bfa0dbf3f8,HOP EOD Validation Map,Web Map
KieranOD1@TRANSPORT,3426392e34be4c1a9cba17c4bd548b7c,Points of Interest Collection Demo,Web Map
KieranOD1@TRANSPORT,5e066be00f004c43bb086bb164764d6d,Realtime GTFS Geoevent,Web Map
KieranOD1@TRANSPORT,93e3ab744d8b4743871d136d6659751b,Realtime GTFS,Web Map
KieranOD1@TRANSPORT,890c5447a7b640d0bc8287885e9f4ca9,IPV Opportunities Test,Web Map
KieranOD1@TRANSPORT,2e6e7240a13d4bfaa05676205b7f42c2,Public Projects POC,Web Map
KipiWall1@TRANSPORT,244babe033dd41558ff04a1de38033de,Public Transport Network-Copy,Web Map
KipiWall1@TRANSPORT,ee4c6c0b41ba4a74ab890dafb7802f47,Map Print,Web Map
KipiWall1@TRANSPORT,1c492ddc48c64f35b0d211e05f3ad392,Auckland Wide Signals Map,Web Map
KipiWall1@TRANSPORT,37f6a85718be4b7f9cedaa9747c1012b,ITS Webmap 2-Copy-Copy-Copy,Web Map
KipiWall1@TRANSPORT,0f6e6503da264ea4ada60e19b3e5310f,ITS Webmap 2-Copy-Copy,Web Map
KipiWall1@TRANSPORT,2d6e88aada3448779f7cf106050f6bae,ITS Webmap 2-Copy,Web Map
KipiWall1@TRANSPORT,40dbfd2847e94927bec33328051591fb,South Test Map,Web Map
KipiWall1@TRANSPORT,14afa4f81dbe423e84a59bf69ec01cc9,Print Map,Web Map
KipiWall1@TRANSPORT,689b6f859b65432a889af802148ce43e,ITS Webmap-Copy,Web Map
KipiWall1@TRANSPORT,0c2951dda5e54129a60690b5970f610a,ITS Webmap-Copy-Copy,Web Map
LisaRead1@TRANSPORT,5901d2c22f82404493524ba50fe332fb,GIS Demo - Traffic Overview Web Map,Web Map
LisaRead1@TRANSPORT,45e99d4540b04569af926414be376973,Sydney presentation - Auckland Map with Road Network,Web Map
LisaRead1@TRANSPORT,1a5b606c4e8e45e5a17c2174c3969ce7,ATOC - Data POC,Web Map
LisaRead1@TRANSPORT,e881449f52cb4f4a98633010d95d2a84,Draughting Team - Data POC,Web Map
LisaRead1@TRANSPORT,f1d6ce8714854bedae66aba66b2e72fc,Supporting Growth - Data POC,Web Map
LisaRead1@TRANSPORT,883e59d0d2d34f9b9c0e7d550db17383,BT Expo - Traffic Overview Map,Web Map
LisaRead1@TRANSPORT,26e4f06c61e8426f95dd389a3b941fb6,Command Centre - Data POC,Web Map
LisaRead1@TRANSPORT,9b90dd034073412dac45d315ef8844b9,Lisa - POC - AT Internal Viewer,Web Map
LisaRead1@TRANSPORT,8504f1a738d04bf1ad1e10d9a6e40e6d,SaFE - Train routes and stations,Web Map
LisaRead1@TRANSPORT,8a51407c1b00443d92b6264fb753d460,Regional Long Term Plan - POC - Web Map,Web Map
LisaRead1@TRANSPORT,a83eec47dcac4b6eb5373c2fb1779be8,BT Expo - Realtime Buses with Analysis - Web Map,Web Map
LisaRead1@TRANSPORT,a9455dc6c96f42a2b90bad234fadbb42,RAMM for Open Data,Web Map
LisaRead1@TRANSPORT,861f345cc49f44d9a46da73d07b655b9,Maps on External Website - Test Map for Moorings,Web Map
LisaRead1@TRANSPORT,f532e8465d6c4f43bef1cb141a566cef,AC Property and Consents,Web Map
LucyStal1@TRANSPORT,a2fc3a7d30ef4a94b4726a97ecf47aa9,Location of Intersection Surveys,Web Map
MarkEise1@TRANSPORT,56449236b02b453a8c203a3295ca1d72,MarkMailTest,Web Map
MartinDi1@TRANSPORT,8e57eab64c4b45cd8533658f89914e7d,Mangere Map,Web Map
MartinDi1@TRANSPORT,cda2f3f91573400d83b19ff813cdb0b7,Map for Aeroview Drive Beach Haven,Web Map
MartinDi1@TRANSPORT,621449e8e111455a93b8773078cb822b,Map for Aeroview Drive from Printing copy,Web Map
MartinDi1@TRANSPORT,86fe49ce49a3456db89d453411541b4b,wsb central test,Web Map
MartinDi1@TRANSPORT,0638e97ea1094ae1b1f5918c316c8bf6,Walking and Cycling web map - Editing-Copy,Web Map
MartinDi1@TRANSPORT,9d79a74747014ff8acf09e2b0222386d,Mangere Community House walking map,Web Map
MeghanSh1@TRANSPORT,dcee3f8e9d424eae8e494863ab516bcc,Speed Management Customer Feedback - Map,Web Map
MeghanSh1@TRANSPORT,0195238d9f1749dab849f9ebb84946bc,POC - Auckland Cycle Network - Editing,Web Map
MeghanSh1@TRANSPORT,ab174179d7fb4a3bbd720a983361167a,Request Cycle Parking - Admin Application,Web Map
MeghanSh1@TRANSPORT,176fc26739184a19bb96180140504ce3,Dashboard_IPV_LocalBoard_Map,Web Map
MeghanSh1@TRANSPORT,b4f7f42fc634484f98de7dddde005a90,Bylaw Schedule Boundaries - Map,Web Map
MichaelD2@TRANSPORT,db6b678a229d4cec8873b47b01467a68,Traffic Overview (Web Map)+Intersection risk,Web Map
MiguelMe1@TRANSPORT,a31209c06a3e4eb1a968897c36db71c8,Traffic Overview (Web Map)-Copy,Web Map
MikeTenn12@TRANSPORT,a2414ec4311e4c4e98c46a106d2ab48d,Bus Stops,Web Map
NedaSakh1@TRANSPORT,ac67657a2a4740bf8d235835ba630870,Integrated Fare Zones with EOD stops,Web Map
NidhiSur1@TRANSPORT,845504135c9d4901acddc83186ca3dae,CT Walking School Bus Editing-Copy,Web Map
NikVorst1@TRANSPORT,40d364469d054173a17fb235ff070cf1,Regional Arterial Road Network (RARN) - Web Map,Web Map
NikVorst1@TRANSPORT,15f5b7a2e214416e913fa2b245d9c811,Catchment Service Areas-Copy,Web Map
NikVorst1@TRANSPORT,f036b044020a4c63b081444179c6ddd6,Catchment Service Areas-Nik,Web Map
OliviaVe1@TRANSPORT,602091ebd6b0463b950e820068e6aff1,Train Transfers-Copy 26032014 1 day,Web Map
OliviaVe1@TRANSPORT,721eb85f127f46c1a65c5df501b482f2,Waitakere Schools Outbound,Web Map
OliviaVe1@TRANSPORT,e95633f6f15445a9b6f6d0c69c87ac03,Ranui Map - May bus stop usage per day before 9am/after 9am,Web Map
OliviaVe1@TRANSPORT,f6ec7f92c82d4cc1b84920d2a95fca00,233,Web Map
OliviaVe1@TRANSPORT,961a00a2136540d4b01ee12d257af1b0,S018D,Web Map
OliviaVe1@TRANSPORT,fed04f9b9c74463e932e90c459fe091c,S025B Inbound,Web Map
OliviaVe1@TRANSPORT,218da9edf0ee4ecdaf6fee586f3ef41a,Transfers 1,Web Map
OliviaVe1@TRANSPORT,e19973a4519d46a3b686e46987260006,Ranui Forest Hill,Web Map
OliviaVe1@TRANSPORT,fd2edf0f55514a6a823f809781de146c,Long Dr before 9am,Web Map
PhilipKe2@TRANSPORT,73d4510b5ee24ec6890e13e883289781,Airbus Express Route Map,Web Map
portaladmin,2342f89c9df34efc971c132dc63eb0ff,Public Transport Overview (Web map),Web Map
portaladmin,28a0bf982a884846aeb68f1d8ed4ecbe,Traffic Overview (Web Map),Web Map
portaladmin,f67d99bcf58a419b974e43e7268ae4bc,Pedestrian Delay LOS (Web map),Web Map
portaladmin,e265a6a3e16343d0afbc96a5d558085b,Monthly Bus Congestion - Web Map,Web Map
portaladmin,f63b36c33fd940fb81c8a52e2b7be350,Auckland Cycle Network (ACN) - Web Map,Web Map
portaladmin,85bf95b4a97143e695387fe6c42c872c,Snitch Data (Demo) - Webmap,Web Map
portaladmin,c7c0f973174c47fd9185dd6dbd87d067,Planning Overview (Web map),Web Map
portaladmin,8cf19548e6a44d169eb781c7c2df5b2e,Public Transport Network Map,Web Map
portaladmin,79d1ce8f91494390a9955ba358c72fc2,Intelligent Transport System Asset Location Map,Web Map
portaladmin,c02f074f44e34aeb910b71430ad4ee64,World Light Grey,Web Map
portaladmin,a19993504dfa4cb2b5cc0a64ade7c71c,Works Overview (Web map),Web Map
portaladmin,51af511f84584a46ae751ec1d70f6cdb,Community Transport Overview (Web map),Web Map
portaladmin,406ba9222fc54c09aaa456c94f7ec05a,Cycling Traffic Stress layers,Web Map
portaladmin,4ba73e7a30854e01ad04834b92ca1953,Bus Facility and Condition Map,Web Map
portaladmin,6a22eb749886410d848f12f98485e428,Parking Meter Map,Web Map
portaladmin,a5df8effa3a148178f17add69832b931,AC Topographic,Web Map
portaladmin,7d024f101a06451b95fce81b94e0420b,AT Mail List Generator Map,Web Map
portaladmin,5c1c48f584db4e649ea003fe193a2d0b,CCTV Locations with Photos,Web Map
portaladmin,3d7b95d7fea243619bc651033160a717,AC Imagery,Web Map
portaladmin,cba61885c9a940b48b381e934bbbc35a,NZ Community,Web Map
portaladmin,e6073327f5ae467db8e51ea57fa4d5bb,OpenStreetMap,Web Map
portaladmin,0fb4fcd551bd4acbae6e7a8db5d432cd,HOP Retailer Location Map,Web Map
portaladmin,d0a3ae58a7644a91bbd4a5241e4406e8,Streetlight Upgrade Programme Map,Web Map
portaladmin,bb04fce10f10421eb068f5e7e10ebdba,Points of Interest Map,Web Map
portaladmin,467fb1541064481e8a375bccabbe0e41,AC Streets,Web Map
portaladmin,90b6c834a9d041928a8a4ad187757723,Auckland Cycle Network - View,Web Map
portaladmin,1953a6c04fc54b55a99b628c24aed72a,ITS Webmap - View,Web Map
portaladmin,230134d54ad44c5cabfbce2b55239337,Boundaries Overview (Web map),Web Map
portaladmin,3058466fbdee4895b76b2f9644379d2e,RAMM Overview (Web map),Web Map
portaladmin,d4a55e8b7ed742769228ada33f9faa49,Auckland Cycle Parking,Web Map
portaladmin,b6b712adba824dbc97fb687105b771d4,AT Overweight Overdimension Web Map,Web Map
portaladmin,fb2c9c9547534a7ba79073cccafe30ed,AT HOP Ticket and Top Up Locations,Web Map
portaladmin,e72a5cc093af4159bca612135dd5054b,AC Terrain,Web Map
portaladmin,0008f60c6040466dbbad9dc1892c4f1a,CT Walking School Bus Editing,Web Map
portaladmin,f36673ed4b6c4a0da6e55b39743f51fb,NZ Dark Grey,Web Map
portaladmin,6d855948dcc44c50a5ab302717a42afb,AC Grey Canvas,Web Map
portaladmin,20c6bb29c4e9486f97bdd16294c67856,ITS Webmap - Edit,Web Map
portaladmin,6e96b617b39d4d5eb1b05b37e0f2290e,Statistics NZ Overview (Web map),Web Map
portaladmin,fc4021127f1049c9a5f213156308a750,Bus Services Network Planning,Web Map
portaladmin,6b6b3d6eea1d4dcb940b3e3fc754ffcf,Public Transport Network,Web Map
portaladmin,5b09cfcd3e924345a83b7ba92fc038da,RAMM Replicated Layers,Web Map
portaladmin,4932486a1633403b8c59e6d7fafc0b3a,Major Projects Database - ITP Projects and Deficiencies,Web Map
portaladmin,46127d86548a406eb5bc5a66497e87cf,Waiheke Stormwater Assets (Web Map),Web Map
portaladmin,bcb8895e3e7e46ccbba4ad47429f1b53,AT Networks,Web Map
portaladmin,2bce62a7ced64a23921a6d55241a9934,AT FAR Property Map,Web Map
portaladmin,2723c92f64c64aec942065d53c19d862,AT Works,Web Map
portaladmin,fdc2488c6e17497fb63d886c53dac96f,AT Network Dataset,Web Map
portaladmin,b2c2303cf07942ca82f77768cf32aed5,AT Location,Web Map
portaladmin,07eed213955d43ffb8832a55da43e86f,AT School Travel Plans,Web Map
portaladmin,272da145efbe4c8f938ad4192ddc33b2,AT Linear Referencing,Web Map
portaladmin,e11c6b1812c0479c9d3e02278c4e3fbb,AT Modelling,Web Map
portaladmin,d2e3d6646a25461dafdbd012d23a570d,RAMM Data QC Map,Web Map
portaladmin,f53a0355e714473e849e3f1970ae0d20,Feedback Location Map,Web Map
portaladmin,e4138bf1c48945289eb8fa572fe80db5,AT Integrated Transport Programmes (Updated),Web Map
portaladmin,7e92c9affe9446ecb2c39227578b9cc1,Traffic Resolution Control Map,Web Map
portaladmin,c5d272bd5b444c698ff837a2e31a4bab,BaseMap,Web Map
portaladmin,f9381b0193164d4aaaaf2b9d87e18eec,ITP Projects,Web Map
portaladmin,67931a355c4244a298cb021b881ac4af,CMP Monthly Reports - Edit,Web Map
portaladmin,3d61a147e6c7448686eea40f475cb1cd,Bus Facilities Web Map,Web Map
portaladmin,a42a75792df844b0be5de1ebf649ab1a,AT Statutory,Web Map
portaladmin,391a0428860e43b7a7e5c281d311b940,OpenCycleMap,Web Map
portaladmin,f2ec5df1b33046c4bdc74e08b3b6f982,Taxi Stand Metadata Evaluation,Web Map
portaladmin,f52337e299b140ccb88892bf44405e86,AT Integrated Transport Programmes,Web Map
portaladmin,8d64f04b0c6a42f2a8f66debe3e5a07e,Streets,Web Map
portaladmin,73e91c5ae92b42eda49d186d473fe6ba,Topographic,Web Map
portaladmin,212ff6da5d3840fe997040648adbe589,Cycleways Traffic Monitoring Counts,Web Map
portaladmin,ae5c2cc75c9a4f6897a87ed84ac94902,Bus Route and Facilities,Web Map
portaladmin,ec22b6e2ae2d423abc9555cac8f30421,RAMM Forward Works Plan,Web Map
portaladmin,e7b4669a046d4f49a4df0ec06a2a82a0,Streetlight Monitoring,Web Map
portaladmin,2a058d60cf9e4f9a97e6da55f77fa20b,Ramm Renewals Clash Detection,Web Map
portaladmin,05e1a23698ea43b6944e3c2e0db2fb4d,PT Ops Proposed Bus Routes,Web Map
portaladmin,ea2415e00e684b20aaeffe84c9fa04ee,Cycle Map - Editing Map,Web Map
portaladmin,6fa6c6b218aa4523b5ed5912a4c2f519,Smart Roads,Web Map
portaladmin,149543e2d5d04acc865a93d870143ba4,Property and Planning Team GIS Gallery,Web Map
portaladmin,d26040ce9a474818964887a6a2af82ae,Pathway Project Map,Web Map
portaladmin,cf8c7cb09f9a45599cf05e88c2751b94,Bus Facilities Desktop - West,Web Map
portaladmin,6d561e5defbc47269640329f7e5aed8b,RLTP Maori Engagement 2015-2018,Web Map
portaladmin,c52900099fd749fcb6db875eee6fb152,ITP Deficiency Data,Web Map
portaladmin,44d054aa78a841f7a5027f365428057a,ITS Webmap Hourly Traffic,Web Map
portaladmin,f58dca7e678042f6a57db696ffcbbce5,Safety Programme - Editing (Web Map),Web Map
portaladmin,0abbeed19c164a709d79f6a3f481adfe,Bus Facilities Desktop,Web Map
portaladmin,e7b4449293834e309929ec5d2bcff61f,Bus Facilities Desktop - South,Web Map
portaladmin,c00585dee04844938ca1a32199abaa16,AMETI,Web Map
portaladmin,c08c8bfa55ad4e919ce1a5ca133d3174,AT HOP Transactions Time Slider Demo,Web Map
portaladmin,6418a445e0354a7893bd39ba76c9e5d1,Bus Facilities Desktop - North,Web Map
portaladmin,e344c5ec329c435d98b3c355f1752505,CRL Design - 2D Overview,Web Map
portaladmin,72ba9b3ff1294deb8a7a49722fb9eca4,Snitch Data Demo Webmap (Hourly),Web Map
portaladmin,aa4bc7ac40bf48caa836c3cc10f0afde,Election Bylaw Signage Capture,Web Map
portaladmin,2c4824dfaa66407da35f56f63b948de8,PnR Programme Sites,Web Map
portaladmin,c0e6467e8d204b8692fbcbd02c9abee8,AMETI Viewer - OLD,Web Map
portaladmin,d56ecdc6ef46496db9be22b1ed8cd720,Bus Facilities Desktop - Central,Web Map
portaladmin,c93fb5e5d6264ba581a5e899ec7f08cb,ONRC Snitch Comparison,Web Map
portaladmin,c6e38ff212a249b682938914cb8809b3,AMETI Viewer-Dec,Web Map
portaladmin,65a03000544648d7bf6d09f40020fa1e,Bus Facilities Collector - West,Web Map
portaladmin,32a11d307c67489e9842c144656f4eff,Bus Facilities Collector - North,Web Map
portaladmin,e96299bb2c4249ed8d0200997848eca5,Bus Facilities Collector - South,Web Map
portaladmin,71dfdb04441f48298034e576cf1191ae,Bus Facilities Collector - Central,Web Map
portaladmin,524f6e3aa5594333a995be403cfc69b6,ACN Working Map,Web Map
portaladmin,78e66b9d5a9243fa8a5f230b2d2c9430,Default ACN Map,Web Map
portaladmin,376feaab924e4b1ab972ccc59a0e271e,Traffic Resolution Map,Web Map
portaladmin,6c0ba0922cdb4ecb86aad7052f904631,Test Geocoding Map,Web Map
RobertDo1@TRANSPORT,d05173ad6eef48c6a46ccacb1c1e5280,Traffic Overview (Web Map)-Copy,Web Map
RomanySh1@TRANSPORT,7e34196393fe4e57bad27410f45c4cf8,Traffic Overview (Web Map)-Copy,Web Map
RositaCh1@TRANSPORT,3997944ca4974e668472414c66f214fd,Test,Web Map
RositaCh1@TRANSPORT,4d48cd945a51458686a7cafef3f4aa21,test 2,Web Map
RoyaHend1@TRANSPORT,d33427443aa5407e840a91522c6d21e4,Client Review - Existing Auckland Cycle Network (External Version of pdf),Web Map
RoyaHend1@TRANSPORT,dcc14ad853744246a2e221ae23a7a4ac,Existing Auckland Cycle Network - External Version of pdf,Web Map
RoyaHend1@TRANSPORT,678be6661918461095aaafbb3c1b7c43,Speed Management (Proposed),Web Map
RoyaHend1@TRANSPORT,f149c21b508c4f508fa39dd9c5542d05,SpeedManagement Map,Web Map
RoyaHend1@TRANSPORT,332947d1248f4c39a592cab89642784a,Auckland Car Parking Map - External Version,Web Map
RoyaHend1@TRANSPORT,a69960f847ce45b99824782366116284,Parking data on Open Portal,Web Map
RoyaHend1@TRANSPORT,64c58dfea73e4ef0a726834675e2360b,Speed Management (Proposed) - Consultation,Web Map
RoyaHend1@TRANSPORT,670df3ad88fc4f99923b0d65b85aea48,Auckland Cycle Network & Parking Map - External Version,Web Map
RoyaHend1@TRANSPORT,3ee118f43d0f4012955022932e4ac26f,Auckland Hop Retailers Map - External Version,Web Map
SamVerno1@TRANSPORT,a12ebd6e917144edb25e74547e25d04e,Waiheke Local Board Projects Create,Web Map
SamVerno1@TRANSPORT,57b7c20ddded4cb49458753faa7af9aa,Waiheke Local Board Projects View,Web Map
SeanOHa1@TRANSPORT,1fafcb7aeb544c429b2266a89e02b487,AMETI 2015 Imagery - Web Map,Web Map
SeanOHa1@TRANSPORT,8c4a8e24b14a44c7b1acffd187dce219,Forward Works Plan (External Companies),Web Map
SeanOHa1@TRANSPORT,6509bfdeccba45968af550ced090b66e,Pay and Display Machines,Web Map
SeanOHa1@TRANSPORT,fed2f8d3e12b462a961d18da5a96bb97,Weekday (Tuesday) services as at 9 December 2014,Web Map
SeanOHa1@TRANSPORT,aa3b462bc2194c5ab16353f252d74543,CRL - Bus Routes,Web Map
SeanOHa1@TRANSPORT,855efc6565fc422f83dc321a7c0ec9a8,AT Points Of Interest,Web Map
SeanOHa1@TRANSPORT,da21c130f6084ddb90ba9873f3154a77,CDD Penlink Alignment,Web Map
SeanOHa1@TRANSPORT,84a1c3f126734626b77a783aedef84c5,Town Centre Parking Restrictions,Web Map
SeanOHa1@TRANSPORT,56c1733fd45f4b0b84b38350a79e3ce3,Total PT Passengers Boarding,Web Map
SeanOHa1@TRANSPORT,3ec603a251064e629a5f27228c1be241,AT Designations - SharePoint Data,Web Map
SeanOHa1@TRANSPORT,11d80e3ff1d549f48c3e4c9bf12a4bd3,Public Transport Monthly Transactions,Web Map
SeanOHa1@TRANSPORT,4784b488585d475f90a83e3e226c09fe,CCI Editing Demo,Web Map
ShanePie1@TRANSPORT,d72e09d962e6456998f55e0c80f14c63,Victoria Street West Cycleway - CAD DEMO,Web Map
ShashidL1@TRANSPORT,c73e1f44ddb84735a771348f164deaaf,AT Overweight Overdimension Web Map-Copy,Web Map
ShwetaRa1@TRANSPORT,df27addf29684332a8e3593fd94b7dd1,Bus Stop Locations with Aerial View - New Network Bus Routes Edit,Web Map
SimonMil1@TRANSPORT,fc0283d6247c438fbde9c0c47b088280,New Network Planning Map - Iteration 2,Web Map
StuartMc2@TRANSPORT,b017bac203da4e4e953c1281d8ad129c,PT Map from IVU,Web Map
TasBarsd1@TRANSPORT,b9e33f24fdbc46c2a085cf36cae2ce87,Traffic Overview (Web Map) Tas Copy Test,Web Map
TasBarsd1@TRANSPORT,015e5643f1ae479b941f955e654803e6,Corridor Access Requests Map,Web Map
TasBarsd1@TRANSPORT,dd17d698d6ce48b8b8c3df8ff044f9cd,Infrastructure Projects Viewer-POC,Web Map
TasBarsd1@TRANSPORT,67891e2922ca47228284060c6336f076,Planning and Investments Map,Web Map
TasBarsd1@TRANSPORT,658c18d8fe814508b161ddb168438276,Network Optimisation Programme WebMap,Web Map
TasBarsd1@TRANSPORT,753ed037b08f4de480d91714e342acf0,Traffic Overview Map,Web Map
TasBarsd1@TRANSPORT,181e0720a0de487bbe63505d443e4efb,Planning and Investments - Stage 2 Map,Web Map
TasBarsd1@TRANSPORT,56efd52e895d43458dfa9ffcd9e3e088,Traffic Overview Map,Web Map
TasBarsd1@TRANSPORT,d38dc938c36548b1854b2bfc319370bd,RAMM Overview Map,Web Map
TasBarsd1@TRANSPORT,4bddb51f5c544c5fa4735e3c8a41c4ec,Road Criticality and Resilience Analysis Map,Web Map
TasBarsd1@TRANSPORT,d149ed92965b4065b45982077cd09187,POC Intersection Warrant Edit,Web Map
TasBarsd1@TRANSPORT,1d09309bacdd401bade0bc9ededbf71b,PT_OverviewV2_TE,Web Map
TasBarsd1@TRANSPORT,9bfb44bc5d024aa4a3f20bf28af6e7f4,Strategy Viewer Map - Initial Draft,Web Map
TasBarsd1@TRANSPORT,15108e784bae476d8cc8feace23b1667,TrafficMapService,Web Map
TasBarsd1@TRANSPORT,b2cd591422334eba8a7bbc3aca5c723d,OSM_copy,Web Map
TimMuell1@TRANSPORT,77fbc38c313c4c35b85e5b19f1c09013,Snitch 1 March 2016 - Feb 2017,Web Map
TimMuell1@TRANSPORT,8e0fc2a60f3b4aa6bcf60947ce968d77,Traffic Overview (Web Map)-Copy,Web Map
TimMuell1@TRANSPORT,92760f0804d54952a6d43f6289476303,Snitch 2 March 2016 - Feb 2017- interpeak,Web Map
TimMuell1@TRANSPORT,46eb394a472041e6b635a1dd90c2247d,Regional Map July 2015 - July 2016 6 am - 9 am,Web Map
TipaComp1@TRANSPORT,208e6c440380432b965b397ce580a98d,CDD Penlink Alignment-Copy,Web Map
VijaayKr1@TRANSPORT,3a838f0de17d46bcbe103dc2ad409bf9,Printing South Auckland Map for Ref,Web Map
VijaayKr1@TRANSPORT,30321e1c8d424a8dac5c9cd68fe6e890,Auckland Cycle Network - For Printing,Web Map
VijaayKr1@TRANSPORT,b0db8fabc9b846ebb4e163220ae03dfc,Printing Test V1,Web Map
VijaayKr1@TRANSPORT,1a0751cfdb2348f98cf01c01117e86e2,Public Transport Network V1,Web Map
VijaayKr1@TRANSPORT,b2d03a1a62f14b98bc63576718fe11aa,Biking Path,Web Map
VikaMain1@TRANSPORT,d4bddef2aed7477ab98848acc92aeede,Project Map,Web Map
VikaMain1@TRANSPORT,5aa425b712f5441bb475854a48afbb6a,Traffic Count,Web Map
VikaMain1@TRANSPORT,1869cbed09b2456dbfde58f265905e7e,Traffic Camera,Web Map
VikaMain1@TRANSPORT,497f9bd94a564f04b44341cfcc6b4f03,Traffic Signal Map,Web Map
VikaMain1@TRANSPORT,ebf4361014074b1eb8730e1c9fc8ebb2,Traffic Camera-Copy,Web Map
VikaMain1@TRANSPORT,3da0e45515be4391bcba8fe385242ca1,Electronic Signs,Web Map
VikaMain1@TRANSPORT,099b28a42dce4c63a7db4dc12d2ffd7a,Traffic CCTV Camera,Web Map
VikaMain1@TRANSPORT,f8d9bafe885d426682e0a83fc5a5cad0,Electronic Sign,Web Map
VikaMain1@TRANSPORT,b924fa81f8aa4ac099acd80668a8b6f7,Cycle Map - Editing Map-Vika,Web Map
VikaMain1@TRANSPORT,4e03e3b5ed584e4bbb27f838dd776521,Hospital VRU Heat Map,Web Map
VikaMain1@TRANSPORT,0708cac4aa6b41a58e0f591554c7984b,Cycle Map - Vikafix,Web Map
VikaMain1@TRANSPORT,0af7ae9e097a48198132afa581dc96da,CCTV Camera MEOC,Web Map
VikaMain1@TRANSPORT,085734228ea7448aa47bca598b14cefe,school,Web Map
VikaMain1@TRANSPORT,d3f9b61a9ec04b359e55e8563d9873ce,Traffic Signal,Web Map
VikaMain1@TRANSPORT,0cbe2518af7d493fbd6fc752f2e5d3d7,Cycle Network Changes for Approval,Web Map
WenckeWu1@TRANSPORT,2bc3ab3c2535437c8a41cba0fb2402a2,Standard Map Template,Web Map
WenckeWu1@TRANSPORT,61c874f92f9d49ca82b5a10c046924c2,LBTest,Web Map
WesleyKo1@TRANSPORT,ec3d78befe36445eb6e853af30238c0b,Network Route Overweight/Overdimension,Web Map
WesleyKo1@TRANSPORT,cdcd2baf64a64403b509c93a5e1af9e8,Truck Routes and Information Viewer,Web Map
WesleyKo1@TRANSPORT,cdb930b025bb427089e8c0a37b8f6b68,Speed Management (Proposed) - For QA,Web Map
WesleyKo1@TRANSPORT,fcb66c9215c0471dbfccc9edbd561860,Truck Routes and Information,Web Map
WesleyKo1@TRANSPORT,5cdb0972c7084f33a0f01bc35772589a,Special Vehicle Lanes Editing Map,Web Map
WesleyKo1@TRANSPORT,411bb84f13b149a185885df610aaefe4,RAMM_OpenData,Web Map
WesleyKo1@TRANSPORT,0972ea90ebe84f29af160034c86446bf,Open Data,Web Map
WesleyKo1@TRANSPORT,6a2be5a40a14475ca19cb329ecaf1bd0,Regional Freight Network,Web Map
WesleyKo1@TRANSPORT,5d6707f34b1140df90550035443a63ca,InundationEditing,Web Map
WesleyKo1@TRANSPORT,ea9ab6748ec84c1ea04ba96f7fced625,Truck Routes and Information,Web Map
WesleyKo1@TRANSPORT,2d04601a685a44db9973af1b5e44cbac,Ferry Route GPS Locations,Web Map
WesleyKo1@TRANSPORT,23895f27a9f74da19b7ff406c63c556a,GTFSRealTimeTripUpdates,Web Map
WesleyKo1@TRANSPORT,0cbe6ed3855b4e1eb8b748bb93866eb6,Bus Stop Classifications,Web Map
WesleyKo1@TRANSPORT,2d8061715f264bffb4915ba14f44883a,Inundation Risk Assessment for Road Infrastructures,Web Map
WesleyKo1@TRANSPORT,485e595916ed4826a800225792f55d5e,Special Vehicle Lanes Editing Map - Test,Web Map
WesleyKo1@TRANSPORT,8338f32fb3684a77935069f9b34b24a0,Street Lights,Web Map
WesleyKo1@TRANSPORT,b33067ebbc704de1a9ac28782f6df7e9,NetworkTest-Corelogic-Test-Feryy,Web Map
WesleyKo1@TRANSPORT,bb4377efff4247398e0edbc2a4ae67d8,NetworkTest-Corelogic,Web Map
WesleyKo1@TRANSPORT,91680902d3ad4f75985f8c7594a34e8c,NetworkTest-Corelogic-Test,Web Map
WesleyKo1@TRANSPORT,ee27948ddb464955ab2942b3f13d645a,NetworkTest,Web Map
WesleyKo1@TRANSPORT,f7e97ff1e7c440c4b4a381cea33e2b03,RAMM for Open Data,Web Map
YeYeLi1@TRANSPORT,54885222aef441a3b10d4f79433fab6b,Parking Zone Map-Copy,Web Map
YeYeLi1@TRANSPORT,390b13a9260842adaa6763c50b77e881,Parking Zone Map-14.08.17,Web Map
YeYeLi1@TRANSPORT,86a3abca56b340a1a3047d7b4c9590c9,Parking Zone Map-Copy-Copy,Web Map
YeYeLi1@TRANSPORT,ef30485dcc4f416197ad256de89ee1ee,Parking Zone Map-2/11/17,Web Map
YeYeLi1@TRANSPORT,3937f62dac174ed5bcb47c86cffdf27a,Parking Zone Map-11.09.17,Web Map
YiMinHu1@TRANSPORT,5ca4a74d536c41609fad76cfd6a67072,ADTA Subnetwork,Web Map