CarlChen1@TRANSPORT,1263616bc40c45619c8b391ec5d9d74b,Renewal Sample overlay with ACN,Web Map
CarlChen1@TRANSPORT,66e574c987da40e6a6067de4aeac88e6,Auckland Cycle Network AECOM Resolved Consolidated Data-Copy,Web Map
CarlChen1@TRANSPORT,43bde7805fb64b35bf18a92f69c45245,Consolidated LB Greenways Plans,Web Map
CarlChen1@TRANSPORT,032127e2ff2b40e28eeb772825f31d90,Reconciling Regional Networks & Forward Works Programmes,Web Map
CarlChen1@TRANSPORT,a90f466b508a4887827659c956d01a25,2013-14 Renewals overlay with ACN,Web Map
CarlChen1@TRANSPORT,8a368205a65e4ace98f85bcdd550197b,Existing and Proposed Bus lanes - ITP Modelling,Web Map
CarlChen1@TRANSPORT,2398163d8e6245e0b6304d370a437106,New PT Network,Web Map
CarlChen1@TRANSPORT,a9c4ca1921f640729c942fdacc8a9f4e,AT Renewals - Jul 2014 - Jun 2017,Web Map
CarlChen1@TRANSPORT,63f7f7e67dc14b009816e4e032c3d267,Safety Programme - Editable,Web Map
CarlChen1@TRANSPORT,fa99f04c8c4045b3b40626667aecfeca,Local Board Greenways Plans Import,Web Map
CarlChen1@TRANSPORT,677344514f2a4e57bdc335d4f075fd52,Safety Programme - View,Web Map
ChristoP1@TRANSPORT,cd37a0f397764f2a9957223b9d9c759f,Test_CycleConsultationMap_Editing,Web Map
ChristoP1@TRANSPORT,6775992e4eea48ceb2d9e8e228d036e6,test_map2,Web Map
ChrisWhe1@TRANSPORT,b48a0937d63a4202836839926d0d7305,CAR Manager GIS Composite Layers,Web Map
ChrisWhe1@TRANSPORT,f7c0c88921f643c989da9747c212d251,CAR Manager GIS - Areas,Web Map
ChrisWhe1@TRANSPORT,f9441d65c9b8416a811e9717331a975b,CAR Manager GIS - Points,Web Map
ChrisWhe1@TRANSPORT,dcceb2eedffe4c86ad46c7ce238c575e,Adshell stops and intersections,Web Map
ChrisWhe1@TRANSPORT,cf39f941939d4f84b69a12d37bddde6a,CAR Manager GIS - Lines,Web Map
ChunhonH1@TRANSPORT,8d9a99df8140442a9a3c33f790b87868,NOP - Test Map-Copy,Web Map
ClaireCo1@TRANSPORT,a9f6d4e6bda74b2ca826dce8705e74d5,Regional networks,Web Map
ClaireCo1@TRANSPORT,b157c4d84a9b4e00b612cf151cb1f4a1,Regional networks-Copy,Web Map
CordeliM1@TRANSPORT,f0254ab6953b4e62806d10f4e65c5b26,CT Walking School Bus Editing-Copy,Web Map
DanielNu1@TRANSPORT,43b234b37c1e4cad9d31decf0c2feef7,Public Transport Monthly Transactions,Web Map
DanielNu1@TRANSPORT,d004709d71b74f4aa7ac342ff6dbad2c,Potential HOP Gold Card Info Points,Web Map
DanielNu1@TRANSPORT,41aa06313e074554a6a4e0602b77c012,NZFS Suburbs - Subdivisions,Web Map
FraserBa1@TRANSPORT,7d7816f0b8dd4b7d8c0083faedcc5475,GIS Portal FB insight view December 2015,Web Map
HelenGri1@TRANSPORT,5fef8d3597c24491a8b00668806cc8cf,Public Transport Overview (Web map)-Copy,Web Map
JackYu1@TRANSPORT,2bdca809b01a47ea9b9f73ea24b288db,Intersection Warrant,Web Map
JackYu1@TRANSPORT,72521b810f4e41659a963b0d5019eef6,Traffic Overview (Web Map)-Copy,Web Map
JacquelN1@TRANSPORT,8bce5097f2644a9eab8af77478b377a2,Corridor Access Requests Map-Copy-Copy-Copy,Web Map
JacquelN1@TRANSPORT,486bc2aed23c4fd7ac8ccb3d620c6b02,Corridor Access Requests Map-Copy-Copy-Copy-Copy,Web Map
JacquelN1@TRANSPORT,a00dfd6341b24b489d7c67ee8f75e244,Corridor Access Requests Map-Copy-Copy,Web Map
JananiTh1@TRANSPORT,adbdfc7a11f24930bfe66d695b82aebc,Special Vehicle Transit Lanes Editing Map,Web Map
JananiTh1@TRANSPORT,316b4efa6ae447c6bc25ee3593eba2a6,CRM Transport Case Map,Web Map
JananiTh1@TRANSPORT,8651028a2fbb421b943cebd4bf04edf4,Public Transport Overview Map,Web Map
JananiTh1@TRANSPORT,f90d23e1e354431ab8166cd91d38ac54,Te Waharoa - Map,Web Map
JananiTh1@TRANSPORT,7f081d5ee46b42d4bf7d120bc4d6dec3,CCTV Installation Status Map,Web Map
JananiTh1@TRANSPORT,684b9c74eb4040f9b35b0f886d01084c,New Network Planning Map,Web Map
JananiTh1@TRANSPORT,108826be06344b59bf6257be2a4a8e1b,Auckland Cycle Network Editor Map,Web Map
JananiTh1@TRANSPORT,9b9edcd14b204ed29b4a9a2f02e92f7a,Auckland Cycle Network & Parking Map,Web Map
JananiTh1@TRANSPORT,13b290132e824ff0af9fc12b00ba42be,Henderson Cycleways  - Feedback Overview Map,Web Map
JananiTh1@TRANSPORT,73e25b7f20b8459f9a843df2b06ecd36,RAMM Footpath Classification Map,Web Map
JananiTh1@TRANSPORT,40c293a685294ea6954de8a8c0fac831,Risk and Efficiency Road Corridor Classification Map,Web Map
JananiTh1@TRANSPORT,9c2f1fddb1c148558078949caf42ba61,Future Traffic Predictions - Map,Web Map
JananiTh1@TRANSPORT,aacafdb5dd27469bab351109fc2f4760,Urban KiwiRAP Risk indicator Map,Web Map
JananiTh1@TRANSPORT,04a1b0522ed64082bc23976f0994f223,HOP Monthly Transactions Map,Web Map
JananiTh1@TRANSPORT,62b677b002054333af83a3ea9975cc9f,STRAVA Map,Web Map
JananiTh1@TRANSPORT,f8bb35cc31354c97a456de3406a46e67,AMETI Data Inspector Map,Web Map
JananiTh1@TRANSPORT,a26a751f7f75433abc34f610b3f12640,Walking School Bus Editing Map,Web Map
JananiTh1@TRANSPORT,3363be05d9e4477e9f7d5613d3eca531,Te Waharoa - Editing Map,Web Map
JananiTh1@TRANSPORT,cafa4518718d4ad2823dc79c21dbe9bf,Pt Chev to City Limits Cycleways - Pubic Response Map,Web Map
JananiTh1@TRANSPORT,33ea632c1a264ebb883bdfe648181906,Pt Chev to City Fringe Cycleways project - WebMap,Web Map
JananiTh1@TRANSPORT,7c83517f5eb947d58cc517ad2b20953d,Henderson Cycleways  - Feedback Overview Map - POC,Web Map
JananiTh1@TRANSPORT,973518d9c6d54ea79f5b2848bfc2f028,Template webmap,Web Map
JananiTh1@TRANSPORT,3409dbd532234ae9913ad2b780fcee42,Test_Create Layer Issue,Web Map
JananiTh1@TRANSPORT,0cbf309e333c4b47839af0fa87cadb08,Strategy Test Map,Web Map
JananiTh1@TRANSPORT,5ac878975e094d52ae686683ce22034c,Test,Web Map
JananiTh1@TRANSPORT,64d86ec0fea74595bfa8c603892fb4b4,Aerial_Landbase Map-Copy,Web Map
JananiTh1@TRANSPORT,77380ad1a5cf463b8f491592c2de3c26,Query test map,Web Map
JananiTh1@TRANSPORT,6c1ef93bf26e4a12bea71951211ecf22,Standard Map Template,Web Map
JananiTh1@TRANSPORT,9c5f254218694af698f30a0bea725908,Aerial_Landbase Map,Web Map
JasminCa2@TRANSPORT,4cb4c97d6ff24bbda5bead722bc57a12,Double Decker Buses,Web Map
JasminCa2@TRANSPORT,6ac341f5d1214480ae72ce9dab98136d,Hop Locations for Editing,Web Map
JasminCa2@TRANSPORT,21c5e5596e664f7c8be7b19b31824635,Traffic Crashes Map,Web Map
JejyJose1@TRANSPORT,78f67d29fded4f239f43237c30add8ce,AT_Designation_Map,Web Map
JejyJose1@TRANSPORT,43d1a257546e40bba9f58b0b9282cfd3,AT_Parking_Map,Web Map
JejyJose1@TRANSPORT,5d317ed1f7474bfdb3bcf69991d41453,All in One,Web Map
JejyJose1@TRANSPORT,eceb6ff706a8474e9eea8f2fb77fdda7,HOP EOD Validation Map2,Web Map
JejyJose1@TRANSPORT,07c7bded7b864834a080e346aba7d3f4,Standard Map Template,Web Map
JejyJose1@TRANSPORT,656356fb6b3a448587d7b9c308529f0a,Traffic Overview Map,Web Map
JejyJose1@TRANSPORT,a267eba018954e06b08eab4c82caeb30,Dashboard-IPV_Map,Web Map
JejyJose1@TRANSPORT,1380d21b6f2541c7a620e5b939aeb1c0,Dashboard-IPV_Single_Map,Web Map
JejyJose1@TRANSPORT,18a74e39a1414e86a7d190fdaaf485d2,MonthlyHOPMap,Web Map
JejyJose1@TRANSPORT,54367b2b872f4044b6d95db1704d71d7,MonthlyHOPMapQry,Web Map
JejyJose1@TRANSPORT,b01118f6ef084f63ab3e55151e50db60,ATRiskMapping Map,Web Map
JejyJose1@TRANSPORT,c5a957bc262b47009aa408bc59a6a68a,Infrastructure Projects Viewer-POC2,Web Map
JejyJose1@TRANSPORT,36d8cca8eefb44e7b5619ffea1725248,Infrastructure Projects Viewer Map2-FromAmit,Web Map
JejyJose1@TRANSPORT,336bed10679f4a7a91575a88bf3413dd,MonthlyHOPMap-Copy,Web Map
JejyJose1@TRANSPORT,f7a7132e527344c0bc3fc5dc0a2a10e0,SpeedManagement Map20180727,Web Map
JejyJose1@TRANSPORT,cc2705fb74f04a438bf5ebdb882c2957,STRAVA Map,Web Map
JonathaK1@TRANSPORT,b34e80551620458886fa02060fdffe07,Proposed Waitakere Ranges Local Board Greenways Plan,Web Map
JonathLe1@TRANSPORT,7b3fe5a8be734c238d98f55f445ac749,Taxi Stands,Web Map
JonathLe1@TRANSPORT,9597d44be1c2468ca0e8a700d5fbe7fb,Parking Machines,Web Map
JuanZulu1@TRANSPORT,fc83f2849c094c698f6170c03a8b8aca,Traffic Overview (Web Map)-Copy,Web Map
KieranOD1@TRANSPORT,15b1692a446c4470bb392f9ef6111c7a, Road Quality Satisfaction,Web Map
KieranOD1@TRANSPORT,3f398c65c6f74f248d70cda0b1973cdd, Work Parking Availability Satisfaction,Web Map
KieranOD1@TRANSPORT,83fbd46ad7a048299ded672610063f2a, Sealed Road Quality Satisfaction,Web Map
KieranOD1@TRANSPORT,58f5e933f5164109b11e97d105a58f7b,Traffic Flow Satisfaction,Web Map
KieranOD1@TRANSPORT,105b9efc0dab48909624dec3945759c8,Standard Map Template,Web Map
KieranOD1@TRANSPORT,a2156439ee5d4ae4936c7978816c938b,HOP EOD Validation Map,Web Map
KieranOD1@TRANSPORT,d04b9f62eb0c4c1eb13740bfa0dbf3f8,HOP EOD Validation Map,Web Map
KieranOD1@TRANSPORT,3426392e34be4c1a9cba17c4bd548b7c,Points of Interest Collection Demo,Web Map
KieranOD1@TRANSPORT,5e066be00f004c43bb086bb164764d6d,Realtime GTFS Geoevent,Web Map
KieranOD1@TRANSPORT,93e3ab744d8b4743871d136d6659751b,Realtime GTFS,Web Map
KieranOD1@TRANSPORT,890c5447a7b640d0bc8287885e9f4ca9,IPV Opportunities Test,Web Map
KieranOD1@TRANSPORT,2e6e7240a13d4bfaa05676205b7f42c2,Public Projects POC,Web Map
KipiWall1@TRANSPORT,244babe033dd41558ff04a1de38033de,Public Transport Network-Copy,Web Map
KipiWall1@TRANSPORT,ee4c6c0b41ba4a74ab890dafb7802f47,Map Print,Web Map
KipiWall1@TRANSPORT,1c492ddc48c64f35b0d211e05f3ad392,Auckland Wide Signals Map,Web Map
KipiWall1@TRANSPORT,37f6a85718be4b7f9cedaa9747c1012b,ITS Webmap 2-Copy-Copy-Copy,Web Map
