<?xml version="1.0" encoding="ISO-8859-1"?>
<!-- BeerXML Format - Generated by BeerSmith  - see www.beersmith.com -->
<EQUIPMENTS>
<EQUIPMENT>
 <NAME>Brew Pot  (4 Gallon)</NAME>
 <VERSION>1</VERSION>
 <BOIL_SIZE>12.30612600</BOIL_SIZE>
 <BATCH_SIZE>18.927168</BATCH_SIZE>
 <TUN_VOLUME>15.14173400</TUN_VOLUME>
 <TUN_WEIGHT>1.814368</TUN_WEIGHT>
 <TUN_SPECIFIC_HEAT>0.120</TUN_SPECIFIC_HEAT>
 <TOP_UP_WATER>8.51722600</TOP_UP_WATER>
 <TRUB_CHILLER_LOSS>0.00000000</TRUB_CHILLER_LOSS>
 <EVAP_RATE>9.0</EVAP_RATE>
 <BOIL_TIME>60.0</BOIL_TIME>
 <CALC_BOIL_VOLUME>TRUE</CALC_BOIL_VOLUME>
 <LAUTER_DEADSPACE>0.94635800</LAUTER_DEADSPACE>
 <TOP_UP_KETTLE>0.00000000</TOP_UP_KETTLE>
 <HOP_UTILIZATION>100.0</HOP_UTILIZATION>
 <NOTES>Simple Brew Pot with a 4 Gallon Capacity - leaving a workable boil volume of around 3.25 gal.  Used for extract or partial mash brewing.</NOTES>
 <DISPLAY_BOIL_SIZE>3.25 gal</DISPLAY_BOIL_SIZE>
 <DISPLAY_BATCH_SIZE>5.00 gal</DISPLAY_BATCH_SIZE>
 <DISPLAY_TUN_VOLUME>4.00 gal</DISPLAY_TUN_VOLUME>
 <DISPLAY_TUN_WEIGHT>4.00 lb</DISPLAY_TUN_WEIGHT>
 <DISPLAY_TOP_UP_WATER>2.25 gal</DISPLAY_TOP_UP_WATER>
 <DISPLAY_TRUB_CHILLER_LOSS>0.00 gal</DISPLAY_TRUB_CHILLER_LOSS>
 <DISPLAY_LAUTER_DEADSPACE>0.25 gal</DISPLAY_LAUTER_DEADSPACE>
 <DISPLAY_TOP_UP_KETTLE>0.00 gal</DISPLAY_TOP_UP_KETTLE>
</EQUIPMENT>
<EQUIPMENT>
 <NAME>Brew Pot  (6+gal) and Igloo/Gott Cooler (5 Gal)</NAME>
 <VERSION>1</VERSION>
 <BOIL_SIZE>22.70566900</BOIL_SIZE>
 <BATCH_SIZE>18.927168</BATCH_SIZE>
 <TUN_VOLUME>18.92716800</TUN_VOLUME>
 <TUN_WEIGHT>1.814368</TUN_WEIGHT>
 <TUN_SPECIFIC_HEAT>0.300</TUN_SPECIFIC_HEAT>
 <TOP_UP_WATER>0.00000000</TOP_UP_WATER>
 <TRUB_CHILLER_LOSS>0.94635800</TRUB_CHILLER_LOSS>
 <EVAP_RATE>9.0</EVAP_RATE>
 <BOIL_TIME>60.0</BOIL_TIME>
 <CALC_BOIL_VOLUME>TRUE</CALC_BOIL_VOLUME>
 <LAUTER_DEADSPACE>0.94635800</LAUTER_DEADSPACE>
 <TOP_UP_KETTLE>0.00000000</TOP_UP_KETTLE>
 <HOP_UTILIZATION>100.0</HOP_UTILIZATION>
 <NOTES>Popular all grain setup.  5 Gallon Gott or Igloo cooler as mash tun with false bottom, and 7-9 gallon brewpot capable of boiling at least 6 gallons of wort.  Primarily used for single infusion mashes.</NOTES>
 <DISPLAY_BOIL_SIZE>6.00 gal</DISPLAY_BOIL_SIZE>
 <DISPLAY_BATCH_SIZE>5.00 gal</DISPLAY_BATCH_SIZE>
 <DISPLAY_TUN_VOLUME>5.00 gal</DISPLAY_TUN_VOLUME>
 <DISPLAY_TUN_WEIGHT>4.00 lb</DISPLAY_TUN_WEIGHT>
 <DISPLAY_TOP_UP_WATER>0.00 gal</DISPLAY_TOP_UP_WATER>
 <DISPLAY_TRUB_CHILLER_LOSS>0.25 gal</DISPLAY_TRUB_CHILLER_LOSS>
 <DISPLAY_LAUTER_DEADSPACE>0.25 gal</DISPLAY_LAUTER_DEADSPACE>
 <DISPLAY_TOP_UP_KETTLE>0.00 gal</DISPLAY_TOP_UP_KETTLE>
</EQUIPMENT>
</EQUIPMENTS>
