<?xml version="1.0" encoding="UTF-8"?>
<wfs:FeatureCollection xmlns:wfs="http://www.opengis.net/wfs/2.0"
 xmlns:cgu="http://xmlns.geosciml.org/Utilities/3.0" xmlns:gml="http://www.opengis.net/gml/3.2"
 xmlns:gsmler="http://xmlns.geosciml.org/EarthMaterial/3.0"
 xmlns:gsmlgs="http://xmlns.geosciml.org/GeologicStructure/3.0"
 xmlns:swe="http://www.opengis.net/swe/2.0" xmlns:gco="http://www.isotc211.org/2005/gco"
 xmlns:gmd="http://www.isotc211.org/2005/gmd"
 xmlns:gsmlga="http://xmlns.geosciml.org/GeologicAge/3.0"
 xmlns:xsi="http://www.w3.org/2001/XMLSchema-instance"
 xmlns:gsml="http://xmlns.geosciml.org/GeoSciML-Core/3.0"
 xmlns:gsmlgu="http://xmlns.geosciml.org/GeologicUnit/3.0"
 xmlns:xlink="http://www.w3.org/1999/xlink" timeStamp="2012-02-06T09:28:04.912Z"
 xsi:schemaLocation="http://www.opengis.net/gml/3.2 http://schemas.opengis.net/gml/3.2.1/gml.xsd http://www.opengis.net/wfs/2.0 http://schemas.opengis.net/wfs/2.0/wfs.xsd http://xmlns.geosciml.org/GeologicStructure/3.0 http://schemas.geosciml.org/geologicstructure/3.0/geologicStructure.xsd"
 numberMatched="unknown" numberReturned="18">
 <wfs:member><gsmlgs:ShearDisplacementStructure
   gml:id="gsml.sheardisplacementstructure.ref-1677754911542060973">
   <gml:identifier codeSpace="http://www.geosciml.org">http://resource.geosciml.org/feature/cgi/sheardisplacementstucture/ref-1677754911542060973</gml:identifier>
   <gml:name codeSpace="http://www.geosciml.org">Muckleford Fault</gml:name>
   <gsml:observationMethod xsi:nil="true" nilReason="unknown"/>
   <gsml:purpose>typicalNorm</gsml:purpose>
   <gsml:relatedFeature xsi:nil="true" nilReason="template"/>
   <gsml:classifier xlink:href="http://www.opengis.net/def/nil/OGC/0/template"
    xlink:title="template"/>
   <gsml:metadata xsi:nil="true" gco:nilReason="missing"/>
   <gsmlgs:faultType xlink:href="http://www.opengis.net/def/nil/OGC/0/template"
    xlink:title="template"/>
   <gsmlgs:deformationStyle xlink:href="http://www.opengis.net/def/nil/OGC/0/template"
    xlink:title="template"/>
   <gsmlgs:planeOrientation xsi:nil="true" nilReason="template"/>
   <gsmlgs:totalDisplacement xsi:nil="true" nilReason="template"/>
   <gsmlgs:physicalProperty xsi:nil="true" nilReason="template"/>
   <gsmlgs:system xsi:nil="true" nilReason="template"/>
  </gsmlgs:ShearDisplacementStructure></wfs:member>
 <wfs:member><gsmlgs:ShearDisplacementStructure
   gml:id="gsml.sheardisplacementstructure.ref-1677754911542061026">
   <gml:identifier codeSpace="http://www.geosciml.org">http://resource.geosciml.org/feature/cgi/sheardisplacementstucture/ref-1677754911542061026</gml:identifier>
   <gml:name codeSpace="http://www.geosciml.org">Quartz Hill Fault</gml:name>
   <gsml:observationMethod xsi:nil="true" nilReason="unknown"/>
   <gsml:purpose>typicalNorm</gsml:purpose>
   <gsml:relatedFeature xsi:nil="true" nilReason="template"/>
   <gsml:classifier xlink:href="http://www.opengis.net/def/nil/OGC/0/template"
    xlink:title="template"/>
   <gsml:metadata xsi:nil="true" gco:nilReason="missing"/>
   <gsmlgs:faultType xlink:href="http://www.opengis.net/def/nil/OGC/0/template"
    xlink:title="template"/>
   <gsmlgs:deformationStyle xlink:href="http://www.opengis.net/def/nil/OGC/0/template"
    xlink:title="template"/>
   <gsmlgs:planeOrientation xsi:nil="true" nilReason="template"/>
   <gsmlgs:totalDisplacement xsi:nil="true" nilReason="template"/>
   <gsmlgs:physicalProperty xsi:nil="true" nilReason="template"/>
   <gsmlgs:system xsi:nil="true" nilReason="template"/>
  </gsmlgs:ShearDisplacementStructure></wfs:member>
 <wfs:member><gsmlgs:ShearDisplacementStructure
   gml:id="gsml.sheardisplacementstructure.ref-1677754911542061042">
   <gml:identifier codeSpace="http://www.geosciml.org">http://resource.geosciml.org/feature/cgi/sheardisplacementstucture/ref-1677754911542061042</gml:identifier>
   <gml:name codeSpace="http://www.geosciml.org">Schicer Gully Fault</gml:name>
   <gsml:observationMethod xsi:nil="true" nilReason="unknown"/>
   <gsml:purpose>typicalNorm</gsml:purpose>
   <gsml:relatedFeature xsi:nil="true" nilReason="template"/>
   <gsml:classifier xlink:href="http://www.opengis.net/def/nil/OGC/0/template"
    xlink:title="template"/>
   <gsml:metadata xsi:nil="true" gco:nilReason="missing"/>
   <gsmlgs:faultType xlink:href="http://www.opengis.net/def/nil/OGC/0/template"
    xlink:title="template"/>
   <gsmlgs:deformationStyle xlink:href="http://www.opengis.net/def/nil/OGC/0/template"
    xlink:title="template"/>
   <gsmlgs:planeOrientation xsi:nil="true" nilReason="template"/>
   <gsmlgs:totalDisplacement xsi:nil="true" nilReason="template"/>
   <gsmlgs:physicalProperty xsi:nil="true" nilReason="template"/>
   <gsmlgs:system xsi:nil="true" nilReason="template"/>
  </gsmlgs:ShearDisplacementStructure></wfs:member>
 <wfs:member><gsmlgs:ShearDisplacementStructure
   gml:id="gsml.sheardisplacementstructure.ref-1677754911542061051">
   <gml:identifier codeSpace="http://www.geosciml.org">http://resource.geosciml.org/feature/cgi/sheardisplacementstucture/ref-1677754911542061051</gml:identifier>
   <gml:name codeSpace="http://www.geosciml.org">Break O'Day Fault</gml:name>
   <gsml:observationMethod xsi:nil="true" nilReason="unknown"/>
   <gsml:purpose>typicalNorm</gsml:purpose>
   <gsml:relatedFeature xsi:nil="true" nilReason="template"/>
   <gsml:classifier xlink:href="http://www.opengis.net/def/nil/OGC/0/template"
    xlink:title="template"/>
   <gsml:metadata xsi:nil="true" gco:nilReason="missing"/>
   <gsmlgs:faultType xlink:href="http://www.opengis.net/def/nil/OGC/0/template"
    xlink:title="template"/>
   <gsmlgs:deformationStyle xlink:href="http://www.opengis.net/def/nil/OGC/0/template"
    xlink:title="template"/>
   <gsmlgs:planeOrientation xsi:nil="true" nilReason="template"/>
   <gsmlgs:totalDisplacement xsi:nil="true" nilReason="template"/>
   <gsmlgs:physicalProperty xsi:nil="true" nilReason="template"/>
   <gsmlgs:system xsi:nil="true" nilReason="template"/>
  </gsmlgs:ShearDisplacementStructure></wfs:member>
 <wfs:member><gsmlgs:ShearDisplacementStructure
   gml:id="gsml.sheardisplacementstructure.ref-1677754911542061067">
   <gml:description>Southern extension of the reactivated Whitelaw Fault called the Metcalfe Fault on Malmsbury 50k map by Willman &amp; Radojkovic, 2002. 
 </gml:description>
   <gml:identifier codeSpace="http://www.geosciml.org">http://resource.geosciml.org/feature/cgi/sheardisplacementstucture/ref-1677754911542061067</gml:identifier>
   <gml:name codeSpace="http://www.geosciml.org">Whitelaw Fault</gml:name>
   <gsml:observationMethod xsi:nil="true" nilReason="unknown"/>
   <gsml:purpose>typicalNorm</gsml:purpose>
   <gsml:relatedFeature xsi:nil="true" nilReason="template"/>
   <gsml:classifier xlink:href="http://www.opengis.net/def/nil/OGC/0/template"
    xlink:title="template"/>
   <gsml:metadata xsi:nil="true" gco:nilReason="missing"/>
   <gsmlgs:faultType xlink:href="http://www.opengis.net/def/nil/OGC/0/template"
    xlink:title="template"/>
   <gsmlgs:deformationStyle xlink:href="http://www.opengis.net/def/nil/OGC/0/template"
    xlink:title="template"/>
   <gsmlgs:planeOrientation xsi:nil="true" nilReason="template"/>
   <gsmlgs:totalDisplacement xsi:nil="true" nilReason="template"/>
   <gsmlgs:physicalProperty xsi:nil="true" nilReason="template"/>
   <gsmlgs:system xsi:nil="true" nilReason="template"/>
  </gsmlgs:ShearDisplacementStructure></wfs:member>
 <wfs:member><gsmlgs:ShearDisplacementStructure
   gml:id="gsml.sheardisplacementstructure.ref-1677754911542061116">
   <gml:identifier codeSpace="http://www.geosciml.org">http://resource.geosciml.org/feature/cgi/sheardisplacementstucture/ref-1677754911542061116</gml:identifier>
   <gml:name codeSpace="http://www.geosciml.org">Piper Creek Fault</gml:name>
   <gsml:observationMethod xsi:nil="true" nilReason="unknown"/>
   <gsml:purpose>typicalNorm</gsml:purpose>
   <gsml:relatedFeature xsi:nil="true" nilReason="template"/>
   <gsml:classifier xlink:href="http://www.opengis.net/def/nil/OGC/0/template"
    xlink:title="template"/>
   <gsml:metadata xsi:nil="true" gco:nilReason="missing"/>
   <gsmlgs:faultType xlink:href="http://www.opengis.net/def/nil/OGC/0/template"
    xlink:title="template"/>
   <gsmlgs:deformationStyle xlink:href="http://www.opengis.net/def/nil/OGC/0/template"
    xlink:title="template"/>
   <gsmlgs:planeOrientation xsi:nil="true" nilReason="template"/>
   <gsmlgs:totalDisplacement xsi:nil="true" nilReason="template"/>
   <gsmlgs:physicalProperty xsi:nil="true" nilReason="template"/>
   <gsmlgs:system xsi:nil="true" nilReason="template"/>
  </gsmlgs:ShearDisplacementStructure></wfs:member>
 <wfs:member><gsmlgs:ShearDisplacementStructure
   gml:id="gsml.sheardisplacementstructure.ref-1677754911542061145">
   <gml:description>Interpreted as a splay off the Redesdale Fault.</gml:description>
   <gml:identifier codeSpace="http://www.geosciml.org">http://resource.geosciml.org/feature/cgi/sheardisplacementstucture/ref-1677754911542061145</gml:identifier>
   <gml:name codeSpace="http://www.geosciml.org">Drummartin Fault</gml:name>
   <gsml:observationMethod xsi:nil="true" nilReason="unknown"/>
   <gsml:purpose>typicalNorm</gsml:purpose>
   <gsml:relatedFeature xsi:nil="true" nilReason="template"/>
   <gsml:classifier xlink:href="http://www.opengis.net/def/nil/OGC/0/template"
    xlink:title="template"/>
   <gsml:metadata xsi:nil="true" gco:nilReason="missing"/>
   <gsmlgs:faultType xlink:href="http://www.opengis.net/def/nil/OGC/0/template"
    xlink:title="template"/>
   <gsmlgs:deformationStyle xlink:href="http://www.opengis.net/def/nil/OGC/0/template"
    xlink:title="template"/>
   <gsmlgs:planeOrientation xsi:nil="true" nilReason="template"/>
   <gsmlgs:totalDisplacement xsi:nil="true" nilReason="template"/>
   <gsmlgs:physicalProperty xsi:nil="true" nilReason="template"/>
   <gsmlgs:system xsi:nil="true" nilReason="template"/>
  </gsmlgs:ShearDisplacementStructure></wfs:member>
 <wfs:member><gsmlgs:ShearDisplacementStructure
   gml:id="gsml.sheardisplacementstructure.ref-1677754911542061182">
   <gml:identifier codeSpace="http://www.geosciml.org">http://resource.geosciml.org/feature/cgi/sheardisplacementstucture/ref-1677754911542061182</gml:identifier>
   <gml:name codeSpace="http://www.geosciml.org">Blacksmith Gully Fault</gml:name>
   <gsml:observationMethod xsi:nil="true" nilReason="unknown"/>
   <gsml:purpose>typicalNorm</gsml:purpose>
   <gsml:relatedFeature xsi:nil="true" nilReason="template"/>
   <gsml:classifier xlink:href="http://www.opengis.net/def/nil/OGC/0/template"
    xlink:title="template"/>
   <gsml:metadata xsi:nil="true" gco:nilReason="missing"/>
   <gsmlgs:faultType xlink:href="http://www.opengis.net/def/nil/OGC/0/template"
    xlink:title="template"/>
   <gsmlgs:deformationStyle xlink:href="http://www.opengis.net/def/nil/OGC/0/template"
    xlink:title="template"/>
   <gsmlgs:planeOrientation xsi:nil="true" nilReason="template"/>
   <gsmlgs:totalDisplacement xsi:nil="true" nilReason="template"/>
   <gsmlgs:physicalProperty xsi:nil="true" nilReason="template"/>
   <gsmlgs:system xsi:nil="true" nilReason="template"/>
  </gsmlgs:ShearDisplacementStructure></wfs:member>
 <wfs:member><gsmlgs:ShearDisplacementStructure
   gml:id="gsml.sheardisplacementstructure.ref-1677754911542061193">
   <gml:identifier codeSpace="http://www.geosciml.org">http://resource.geosciml.org/feature/cgi/sheardisplacementstucture/ref-1677754911542061193</gml:identifier>
   <gml:name codeSpace="http://www.geosciml.org">Campbelltown Fault</gml:name>
   <gsml:observationMethod xsi:nil="true" nilReason="unknown"/>
   <gsml:purpose>typicalNorm</gsml:purpose>
   <gsml:relatedFeature xsi:nil="true" nilReason="template"/>
   <gsml:classifier xlink:href="http://www.opengis.net/def/nil/OGC/0/template"
    xlink:title="template"/>
   <gsml:metadata xsi:nil="true" gco:nilReason="missing"/>
   <gsmlgs:faultType xlink:href="http://www.opengis.net/def/nil/OGC/0/template"
    xlink:title="template"/>
   <gsmlgs:deformationStyle xlink:href="http://www.opengis.net/def/nil/OGC/0/template"
    xlink:title="template"/>
   <gsmlgs:planeOrientation xsi:nil="true" nilReason="template"/>
   <gsmlgs:totalDisplacement xsi:nil="true" nilReason="template"/>
   <gsmlgs:physicalProperty xsi:nil="true" nilReason="template"/>
   <gsmlgs:system xsi:nil="true" nilReason="template"/>
  </gsmlgs:ShearDisplacementStructure></wfs:member>
 <wfs:member><gsmlgs:ShearDisplacementStructure
   gml:id="gsml.sheardisplacementstructure.ref-1677754911542061217">
   <gml:description>Possible extension of Whitelaw Fault.
</gml:description>
   <gml:identifier codeSpace="http://www.geosciml.org">http://resource.geosciml.org/feature/cgi/sheardisplacementstucture/ref-1677754911542061217</gml:identifier>
   <gml:name codeSpace="http://www.geosciml.org">Taradale Fault</gml:name>
   <gsml:observationMethod xsi:nil="true" nilReason="unknown"/>
   <gsml:purpose>typicalNorm</gsml:purpose>
   <gsml:relatedFeature xsi:nil="true" nilReason="template"/>
   <gsml:classifier xlink:href="http://www.opengis.net/def/nil/OGC/0/template"
    xlink:title="template"/>
   <gsml:metadata xsi:nil="true" gco:nilReason="missing"/>
   <gsmlgs:faultType xlink:href="http://www.opengis.net/def/nil/OGC/0/template"
    xlink:title="template"/>
   <gsmlgs:deformationStyle xlink:href="http://www.opengis.net/def/nil/OGC/0/template"
    xlink:title="template"/>
   <gsmlgs:planeOrientation xsi:nil="true" nilReason="template"/>
   <gsmlgs:totalDisplacement xsi:nil="true" nilReason="template"/>
   <gsmlgs:physicalProperty xsi:nil="true" nilReason="template"/>
   <gsmlgs:system xsi:nil="true" nilReason="template"/>
  </gsmlgs:ShearDisplacementStructure></wfs:member>
 <wfs:member><gsmlgs:ShearDisplacementStructure
   gml:id="gsml.sheardisplacementstructure.ref-1677754911542061221">
   <gml:identifier codeSpace="http://www.geosciml.org">http://resource.geosciml.org/feature/cgi/sheardisplacementstucture/ref-1677754911542061221</gml:identifier>
   <gml:name codeSpace="http://www.geosciml.org">Harris Fault</gml:name>
   <gsml:observationMethod xsi:nil="true" nilReason="unknown"/>
   <gsml:purpose>typicalNorm</gsml:purpose>
   <gsml:relatedFeature xsi:nil="true" nilReason="template"/>
   <gsml:classifier xlink:href="http://www.opengis.net/def/nil/OGC/0/template"
    xlink:title="template"/>
   <gsml:metadata xsi:nil="true" gco:nilReason="missing"/>
   <gsmlgs:faultType xlink:href="http://www.opengis.net/def/nil/OGC/0/template"
    xlink:title="template"/>
   <gsmlgs:deformationStyle xlink:href="http://www.opengis.net/def/nil/OGC/0/template"
    xlink:title="template"/>
   <gsmlgs:planeOrientation xsi:nil="true" nilReason="template"/>
   <gsmlgs:totalDisplacement xsi:nil="true" nilReason="template"/>
   <gsmlgs:physicalProperty xsi:nil="true" nilReason="template"/>
   <gsmlgs:system xsi:nil="true" nilReason="template"/>
  </gsmlgs:ShearDisplacementStructure></wfs:member>
 <wfs:member><gsmlgs:ShearDisplacementStructure
   gml:id="gsml.sheardisplacementstructure.ref-1677754911542061233">
   <gml:identifier codeSpace="http://www.geosciml.org">http://resource.geosciml.org/feature/cgi/sheardisplacementstucture/ref-1677754911542061233</gml:identifier>
   <gml:name codeSpace="http://www.geosciml.org">Wattle Gully Fault</gml:name>
   <gsml:observationMethod xsi:nil="true" nilReason="unknown"/>
   <gsml:purpose>typicalNorm</gsml:purpose>
   <gsml:relatedFeature xsi:nil="true" nilReason="template"/>
   <gsml:classifier xlink:href="http://www.opengis.net/def/nil/OGC/0/template"
    xlink:title="template"/>
   <gsml:metadata xsi:nil="true" gco:nilReason="missing"/>
   <gsmlgs:faultType xlink:href="http://www.opengis.net/def/nil/OGC/0/template"
    xlink:title="template"/>
   <gsmlgs:deformationStyle xlink:href="http://www.opengis.net/def/nil/OGC/0/template"
    xlink:title="template"/>
   <gsmlgs:planeOrientation xsi:nil="true" nilReason="template"/>
   <gsmlgs:totalDisplacement xsi:nil="true" nilReason="template"/>
   <gsmlgs:physicalProperty xsi:nil="true" nilReason="template"/>
   <gsmlgs:system xsi:nil="true" nilReason="template"/>
  </gsmlgs:ShearDisplacementStructure></wfs:member>
 <wfs:member><gsmlgs:ShearDisplacementStructure
   gml:id="gsml.sheardisplacementstructure.ref-1677754911542061244">
   <gml:identifier codeSpace="http://www.geosciml.org">http://resource.geosciml.org/feature/cgi/sheardisplacementstucture/ref-1677754911542061244</gml:identifier>
   <gml:name codeSpace="http://www.geosciml.org">Tucker Gully Fault</gml:name>
   <gsml:observationMethod xsi:nil="true" nilReason="unknown"/>
   <gsml:purpose>typicalNorm</gsml:purpose>
   <gsml:relatedFeature xsi:nil="true" nilReason="template"/>
   <gsml:classifier xlink:href="http://www.opengis.net/def/nil/OGC/0/template"
    xlink:title="template"/>
   <gsml:metadata xsi:nil="true" gco:nilReason="missing"/>
   <gsmlgs:faultType xlink:href="http://www.opengis.net/def/nil/OGC/0/template"
    xlink:title="template"/>
   <gsmlgs:deformationStyle xlink:href="http://www.opengis.net/def/nil/OGC/0/template"
    xlink:title="template"/>
   <gsmlgs:planeOrientation xsi:nil="true" nilReason="template"/>
   <gsmlgs:totalDisplacement xsi:nil="true" nilReason="template"/>
   <gsmlgs:physicalProperty xsi:nil="true" nilReason="template"/>
   <gsmlgs:system xsi:nil="true" nilReason="template"/>
  </gsmlgs:ShearDisplacementStructure></wfs:member>
 <wfs:member><gsmlgs:ShearDisplacementStructure
   gml:id="gsml.sheardisplacementstructure.ref-1677754911542061255">
   <gml:identifier codeSpace="http://www.geosciml.org">http://resource.geosciml.org/feature/cgi/sheardisplacementstucture/ref-1677754911542061255</gml:identifier>
   <gml:name codeSpace="http://www.geosciml.org">Axe Creek Fault</gml:name>
   <gsml:observationMethod xsi:nil="true" nilReason="unknown"/>
   <gsml:purpose>typicalNorm</gsml:purpose>
   <gsml:relatedFeature xsi:nil="true" nilReason="template"/>
   <gsml:classifier xlink:href="http://www.opengis.net/def/nil/OGC/0/template"
    xlink:title="template"/>
   <gsml:metadata xsi:nil="true" gco:nilReason="missing"/>
   <gsmlgs:faultType xlink:href="http://www.opengis.net/def/nil/OGC/0/template"
    xlink:title="template"/>
   <gsmlgs:deformationStyle xlink:href="http://www.opengis.net/def/nil/OGC/0/template"
    xlink:title="template"/>
   <gsmlgs:planeOrientation xsi:nil="true" nilReason="template"/>
   <gsmlgs:totalDisplacement xsi:nil="true" nilReason="template"/>
   <gsmlgs:physicalProperty xsi:nil="true" nilReason="template"/>
   <gsmlgs:system xsi:nil="true" nilReason="template"/>
  </gsmlgs:ShearDisplacementStructure></wfs:member>
 <wfs:member><gsmlgs:ShearDisplacementStructure
   gml:id="gsml.sheardisplacementstructure.ref-1677754911542061271">
   <gml:identifier codeSpace="http://www.geosciml.org">http://resource.geosciml.org/feature/cgi/sheardisplacementstucture/ref-1677754911542061271</gml:identifier>
   <gml:name codeSpace="http://www.geosciml.org">Whitehorse Fault</gml:name>
   <gsml:observationMethod xsi:nil="true" nilReason="unknown"/>
   <gsml:purpose>typicalNorm</gsml:purpose>
   <gsml:relatedFeature xsi:nil="true" nilReason="template"/>
   <gsml:classifier xlink:href="http://www.opengis.net/def/nil/OGC/0/template"
    xlink:title="template"/>
   <gsml:metadata xsi:nil="true" gco:nilReason="missing"/>
   <gsmlgs:faultType xlink:href="http://www.opengis.net/def/nil/OGC/0/template"
    xlink:title="template"/>
   <gsmlgs:deformationStyle xlink:href="http://www.opengis.net/def/nil/OGC/0/template"
    xlink:title="template"/>
   <gsmlgs:planeOrientation xsi:nil="true" nilReason="template"/>
   <gsmlgs:totalDisplacement xsi:nil="true" nilReason="template"/>
   <gsmlgs:physicalProperty xsi:nil="true" nilReason="template"/>
   <gsmlgs:system xsi:nil="true" nilReason="template"/>
  </gsmlgs:ShearDisplacementStructure></wfs:member>
 <wfs:member><gsmlgs:ShearDisplacementStructure
   gml:id="gsml.sheardisplacementstructure.ref-1677754911542061282">
   <gml:identifier codeSpace="http://www.geosciml.org">http://resource.geosciml.org/feature/cgi/sheardisplacementstucture/ref-1677754911542061282</gml:identifier>
   <gml:name codeSpace="http://www.geosciml.org">Spring Gully Fault</gml:name>
   <gsml:observationMethod xsi:nil="true" nilReason="unknown"/>
   <gsml:purpose>typicalNorm</gsml:purpose>
   <gsml:relatedFeature xsi:nil="true" nilReason="template"/>
   <gsml:classifier xlink:href="http://www.opengis.net/def/nil/OGC/0/template"
    xlink:title="template"/>
   <gsml:metadata xsi:nil="true" gco:nilReason="missing"/>
   <gsmlgs:faultType xlink:href="http://www.opengis.net/def/nil/OGC/0/template"
    xlink:title="template"/>
   <gsmlgs:deformationStyle xlink:href="http://www.opengis.net/def/nil/OGC/0/template"
    xlink:title="template"/>
   <gsmlgs:planeOrientation xsi:nil="true" nilReason="template"/>
   <gsmlgs:totalDisplacement xsi:nil="true" nilReason="template"/>
   <gsmlgs:physicalProperty xsi:nil="true" nilReason="template"/>
   <gsmlgs:system xsi:nil="true" nilReason="template"/>
  </gsmlgs:ShearDisplacementStructure></wfs:member>
 <wfs:member><gsmlgs:ShearDisplacementStructure
   gml:id="gsml.sheardisplacementstructure.ref-1677754911542061437">
   <gml:identifier codeSpace="http://www.geosciml.org">http://resource.geosciml.org/feature/cgi/sheardisplacementstucture/ref-1677754911542061437</gml:identifier>
   <gml:name codeSpace="http://www.geosciml.org">Redesdale Fault</gml:name>
   <gsml:observationMethod xsi:nil="true" nilReason="unknown"/>
   <gsml:purpose>typicalNorm</gsml:purpose>
   <gsml:relatedFeature xsi:nil="true" nilReason="template"/>
   <gsml:classifier xlink:href="http://www.opengis.net/def/nil/OGC/0/template"
    xlink:title="template"/>
   <gsml:metadata xsi:nil="true" gco:nilReason="missing"/>
   <gsmlgs:faultType xlink:href="http://www.opengis.net/def/nil/OGC/0/template"
    xlink:title="template"/>
   <gsmlgs:deformationStyle xlink:href="http://www.opengis.net/def/nil/OGC/0/template"
    xlink:title="template"/>
   <gsmlgs:planeOrientation xsi:nil="true" nilReason="template"/>
   <gsmlgs:totalDisplacement xsi:nil="true" nilReason="template"/>
   <gsmlgs:physicalProperty xsi:nil="true" nilReason="template"/>
   <gsmlgs:system xsi:nil="true" nilReason="template"/>
  </gsmlgs:ShearDisplacementStructure></wfs:member>
 <wfs:member><gsmlgs:ShearDisplacementStructure
   gml:id="gsml.sheardisplacementstructure.ref-1677754911542061798">
   <gml:identifier codeSpace="http://www.geosciml.org">http://resource.geosciml.org/feature/cgi/sheardisplacementstucture/ref-1677754911542061798</gml:identifier>
   <gml:name codeSpace="http://www.geosciml.org">Sebastian Fault</gml:name>
   <gsml:observationMethod xsi:nil="true" nilReason="unknown"/>
   <gsml:purpose>typicalNorm</gsml:purpose>
   <gsml:relatedFeature xsi:nil="true" nilReason="template"/>
   <gsml:classifier xlink:href="http://www.opengis.net/def/nil/OGC/0/template"
    xlink:title="template"/>
   <gsml:metadata xsi:nil="true" gco:nilReason="missing"/>
   <gsmlgs:faultType xlink:href="http://www.opengis.net/def/nil/OGC/0/template"
    xlink:title="template"/>
   <gsmlgs:deformationStyle xlink:href="http://www.opengis.net/def/nil/OGC/0/template"
    xlink:title="template"/>
   <gsmlgs:planeOrientation xsi:nil="true" nilReason="template"/>
   <gsmlgs:totalDisplacement xsi:nil="true" nilReason="template"/>
   <gsmlgs:physicalProperty xsi:nil="true" nilReason="template"/>
   <gsmlgs:system xsi:nil="true" nilReason="template"/>
  </gsmlgs:ShearDisplacementStructure></wfs:member>
</wfs:FeatureCollection>
