
	[
		{
			"bats": "R",
			"birthDate": "1934-2-5",
			"deathDate": null,
			"debut": "4/13/1954 0:00:00",
			"finalGame": "10/3/1976 0:00:00",
			"first": "Hank",
			"height": 72.0,
			"id": "aaronha01",
			"last": "Aaron",
			"nameNote": null,
			"nickname": "Hammer,Hammerin' Hank,Bad Henry",
			"throws": "R",
			"total2B": 624,
			"total3B": 98,
			"totalAB": 12364,
			"totalBB": 1402,
			"totalCS": 73,
			"totalG": 3298,
			"totalGAB": 3298,
			"totalGIDP": 328,
			"totalH": 3771,
			"totalHBP": 32,
			"totalHR": 755,
			"totalIBB": 293,
			"totalK": 1383,
			"totalR": 2174,
			"totalRBI": 2297,
			"totalSB": 240,
			"totalSF": 121,
			"totalSH": 21,
			"weight": 180.0
		},
		{
			"bats": "R",
			"birthDate": "1887-2-26",
			"deathDate": "1950-11-4",
			"debut": "4/15/1911 0:00:00",
			"finalGame": "5/28/1930 0:00:00",
			"first": "Pete",
			"height": 73.0,
			"id": "alexape01",
			"last": "Alexander",
			"nameNote": null,
			"nickname": "Old Pete",
			"throws": "R",
			"total2B": 60,
			"total3B": 13,
			"totalAB": 1810,
			"totalBB": 77,
			"totalCS": 5,
			"totalG": 703,
			"totalGAB": 703,
			"totalGIDP": null,
			"totalH": 378,
			"totalHBP": 2,
			"totalHR": 11,
			"totalIBB": null,
			"totalK": 276,
			"totalR": 154,
			"totalRBI": 163,
			"totalSB": 3,
			"totalSF": null,
			"totalSH": 88,
			"weight": 185.0
		},
		{
			"bats": "R",
			"birthDate": "1852-4-17",
			"deathDate": "1922-4-14",
			"debut": "5/6/1871 0:00:00",
			"finalGame": "10/3/1897 0:00:00",
			"first": "Cap",
			"height": 72.0,
			"id": "ansonca01",
			"last": "Anson",
			"nameNote": null,
			"nickname": "Pop",
			"throws": "R",
			"total2B": 581,
			"total3B": 142,
			"totalAB": 10277,
			"totalBB": 983,
			"totalCS": 16,
			"totalG": 2523,
			"totalGAB": 2523,
			"totalGIDP": null,
			"totalH": 3418,
			"totalHBP": 32,
			"totalHR": 97,
			"totalIBB": null,
			"totalK": 302,
			"totalR": 1996,
			"totalRBI": 2076,
			"totalSB": 276,
			"totalSF": null,
			"totalSH": 27,
			"weight": 227.0
		}
	]
