<?xml version="1.0" encoding="UTF-8"?>
<?xml-stylesheet type="text/xsl" href="https://cap-sources.s3.amazonaws.com/ca-psc-en/alert-style.xsl"?>
<cap:alert xmlns:cap="urn:oasis:names:tc:emergency:cap:1.1">
  <cap:identifier>urn:oid:2.49.0.1.124.4.2011.2.5.3.3.9</cap:identifier>
  <cap:sender>echristian@usgs.gov</cap:sender>
  <cap:sent>2011-02-05T03:03:09-00:00</cap:sent>
  <cap:status>Test</cap:status>
  <cap:msgType>Alert</cap:msgType>
  <cap:scope>Public</cap:scope>
  <cap:info>
    <cap:language>en-US</cap:language>
    <cap:category>Met</cap:category>
    <cap:event>Message from USGS Earthquakes Program</cap:event>
    <cap:urgency>Past</cap:urgency>
    <cap:severity>Severe</cap:severity>
    <cap:certainty>Observed</cap:certainty>
    <cap:senderName>National Earthquake Information Center (NEIC)</cap:senderName>
    <cap:headline>Magnitude 7.8 Rat Islands, Aleutian Islands, Alaska</cap:headline>
    <cap:description>Felt (IV) on Shemya. A local tsunami generated with recorded wave heights (peak-to-trough) of 50 cm at Shemya and 12 cm at Adak.</cap:description>
    <cap:web>http://neic.usgs.gov/neis/eq_depot/2003/eq_031117/</cap:web>
    <cap:contact>Roger Hansen, 1-907-474-5533</cap:contact>
    <cap:resource>
      <cap:resourceDesc>Image file</cap:resourceDesc>
      <cap:mimeType>image/jpeg</cap:mimeType>
      <cap:uri>http://neic.usgs.gov/neis/poster/2003/20031117.html</cap:uri>
    </cap:resource>
    <cap:area>
      <cap:areaDesc>95 km (60 miles) S of Little Sitkin Island, Alaska
      105 km (65 miles) SW of Semisopochnoi Island, Alaska
      2220 km (1380 miles) WSW of Anchorage, Alaska
      3060 km (1900 miles) W of JUNEAU, Alaska</cap:areaDesc>
      <cap:circle>51.13,-178.74 0</cap:circle>
    </cap:area>
  </cap:info>
</cap:alert>