<?xml version="1.0" encoding="UTF-8"?>
<?xml-stylesheet type="text/xsl" href="https://cap-sources.s3.amazonaws.com/ca-psc-en/alert-style.xsl"?>
<cap:alert xmlns:cap="urn:oasis:names:tc:emergency:cap:1.1">
  <cap:identifier>urn:oid:2.49.0.1.124.4.2011.2.5.2.57.59</cap:identifier>
  <cap:sender>echristian@usgs.gov</cap:sender>
  <cap:sent>2011-02-05T02:57:59-00:00</cap:sent>
  <cap:status>Test</cap:status>
  <cap:msgType>Alert</cap:msgType>
  <cap:scope>Public</cap:scope>
  <cap:info>
    <cap:language>en-US</cap:language>
    <cap:category>Met</cap:category>
    <cap:event>Message from USGS Volcanoes Program</cap:event>
    <cap:urgency>Expected</cap:urgency>
    <cap:severity>Minor</cap:severity>
    <cap:certainty>Possible</cap:certainty>
    <cap:senderName>USGS Volcanoes Program, Craig Weaver</cap:senderName>
    <cap:headline>Mount St Helens Volcano Advisory (aviation color code ORANGE) </cap:headline>
    <cap:description>Current status is Volcano Advisory (Alert Level 2); aviation color code ORANGE: Growth of the new lava dome inside the crater of Mount St. Helens continues, accompanied by low rates of seismicity, low emissions of steam and volcanic gases, and minor production of ash. During such eruptions, changes in the level of activity can occur over days to months. The eruption could intensify suddenly or with little warning and produce explosions that cause hazardous conditions within several miles of the crater and farther downwind. Small lahars could suddenly descend the Toutle River if triggered by heavy rain or by interaction of hot rocks with snow and ice. These lahars pose a negligible hazard below the Sediment Retention Structure (SRS) but could pose a hazard along the river channel upstream.</cap:description>
    <cap:instruction>Wind forecasts from the National Oceanic and Atmospheric Administration (NOAA), coupled with eruption models, show that any ash clouds that rise above the crater rim today would drift principally eastward. Under current eruptive conditions, small, short-lived explosions may produce ash clouds that exceed 30,000 feet in altitude. Ash from such events can travel 100 miles or more downwind.</cap:instruction>
    <cap:web>http://vulcan.wr.usgs.gov/Volcanoes/MSH/Eruption04/</cap:web>
    <cap:contact>Craig Weaver 1-206-553-0627</cap:contact>
    <cap:resource>
      <cap:resourceDesc>Image file</cap:resourceDesc>
      <cap:mimeType>image/jpeg</cap:mimeType>
      <cap:uri>http://www.fs.fed.us/gpnf/volcanocams/msh/</cap:uri>
    </cap:resource>
    <cap:area>
      <cap:areaDesc>Skamania County, Washington, in the Pacific Northwest region of the United States (96 miles south of Seattle, Washington and 53 miles northeast of Portland, Oregon</cap:areaDesc>
      <cap:circle>46.2,-122.2 0</cap:circle>
    </cap:area>
  </cap:info>
</cap:alert>