﻿<?xml version="1.0" encoding="utf-8" ?>
<Sessions>
  <Location source="WL_Meter" destination="WL_Pipe" >
	  <Session groupName="Session" type="group">
		<Field dataType="int" sfieldName="UNITID" dfieldName="UNITID2" type="field">Some value</Field>
		<Field dataType="string" sfieldName="FAC_CODE" dfieldName="FAC_CODE" type="field">Some value</Field>
		<Field dataType="string" sfieldName="FAC_DESC" dfieldName="FAC_DESC" type="field">Some value</Field>
		<Field dataType="long" sfieldName="COMPKEY" dfieldName="COMPKEY" type="field">Some value</Field>
		<Field dataType="long" sfieldName="COMPTYPE" dfieldName="COMPTYPE" type="field">Some value</Field>
	  </Session>
  </Location>
</Sessions>