[
	{
		"json_featuretype" : "Raw",
		"_creation_instance" : "0",
		"target_Url" : "http://data-atgis.opendata.arcgis.com/data.json",
		"_response_body" : "{\"@context\":\"https://project-open-data.cio.gov/v1.1/schema/catalog.jsonld\",\"@type\":\"dcat:Catalog\",\"conformsTo\":\"https://project-open-data.cio.gov/v1.1/schema\",\"describedBy\":\"https://project-open-data.cio.gov/v1.1/schema/catalog.json\",\"dataset\":[{\"@type\":\"dcat:Dataset\",\"identifier\":\"http://data-atgis.opendata.arcgis.com/datasets/2ba102832e8b4d69a15e33e9a1c8d63a_0\",\"title\":\"AT Infrastructure Projects\",\"description\":\"This data is sourced from Auckland Transports Major Capital Projects and Minor Improvement Works and Planned Asset Renewal systems and shows all the areas that are currently active. The layer is refreshed weekly.\",\"keyword\":[\"Open Data\",\"Auckland Transport\",\"Public Projects\",\"Auckland Transport Public Projects\",\"Infrastructure\",\"Renewals\",\"Roading\",\"Traffic\"],\"issued\":\"2019-05-02T01:04:09.000Z\",\"modified\":\"2019-05-02T01:27:10.473Z\",\"publisher\":{\"name\":\"Auckland Transport\"},\"contactPoint\":{\"@type\":\"vcard:Contact\",\"fn\":\"Susan Jones\",\"hasEmail\":\"mailto:\"},\"accessLevel\":\"public\",\"distribution\":[{\"@type\":\"dcat:Distribution\",\"title\":\"ArcGIS Open Dataset\",\"format\":\"Web page\",\"mediaType\":\"text/html\",\"accessURL\":\"http://data-atgis.opendata.arcgis.com/datasets/2ba102832e8b4d69a15e33e9a1c8d63a_0\"},{\"@type\":\"dcat:Distribution\",\"title\":\"Esri Rest API\",\"format\":\"Esri REST\",\"mediaType\":\"application/json\",\"accessURL\":\"https://services2.arcgis.com/JkPEgZJGxhSjYOo0/arcgis/rest/services/PublicProjects/FeatureServer/0\"},{\"@type\":\"dcat:Distribution\",\"title\":\"GeoJSON\",\"format\":\"GeoJSON\",\"mediaType\":\"application/vnd.geo+json\",\"downloadURL\":\"http://data-atgis.opendata.arcgis.com/datasets/2ba102832e8b4d69a15e33e9a1c8d63a_0.geojson\"},{\"@type\":\"dcat:Distribution\",\"title\":\"CSV\",\"format\":\"CSV\",\"mediaType\":\"text/csv\",\"downloadURL\":\"http://data-atgis.opendata.arcgis.com/datasets/2ba102832e8b4d69a15e33e9a1c8d63a_0.csv\"},{\"@type\":\"dcat:Distribution\",\"title\":\"KML\",\"format\":\"KML\",\"mediaType\":\"application/vnd.google-earth.kml+xml\",\"downloadURL\":\"http://data-atgis.opendata.arcgis.com/datasets/2ba102832e8b4d69a15e33e9a1c8d63a_0.kml\"},{\"@type\":\"dcat:Distribution\",\"title\":\"Shapefile\",\"format\":\"ZIP\",\"mediaType\":\"application/zip\",\"downloadURL\":\"http://data-atgis.opendata.arcgis.com/datasets/2ba102832e8b4d69a15e33e9a1c8d63a_0.zip\"}],\"landingPage\":\"http://data-atgis.opendata.arcgis.com/datasets/2ba102832e8b4d69a15e33e9a1c8d63a_0\",\"webService\":\"https://services2.arcgis.com/JkPEgZJGxhSjYOo0/arcgis/rest/services/PublicProjects/FeatureServer/0\",\"license\":\"https://hub.arcgis.com/api/v2/datasets/2ba102832e8b4d69a15e33e9a1c8d63a_0/license\",\"spatial\":\"174.24106103506415,-37.28762489284197,175.53626693970665,-36.14758536965494\",\"theme\":[\"geospatial\"]},{\"@type\":\"dcat:Dataset\",\"identifier\":\"http://data-atgis.opendata.arcgis.com/datasets/4da9854830184c698dc38ca8d4a63927_0\",\"title\":\"Parking Meter\",\"description\":\"This service provide layers to show locations of individual types of parking facilities available to the public. For more information regarding each facility, please visit https://at.govt.nz/driving-parking/\",\"keyword\":[\"Parking\",\" Public Transport\",\" Public\",\" Facility\"],\"issued\":\"2018-10-16T02:44:44.000Z\",\"modified\":\"2019-04-05T00:24:32.909Z\",\"publisher\":{\"name\":\"Auckland Transport\"},\"contactPoint\":{\"@type\":\"vcard:Contact\",\"fn\":\"Susan Jones\",\"hasEmail\":\"mailto:\"},\"accessLevel\":\"public\",\"distribution\":[{\"@type\":\"dcat:Distribution\",\"title\":\"ArcGIS Open Dataset\",\"format\":\"Web page\",\"mediaType\":\"text/html\",\"accessURL\":\"http://data-atgis.opendata.arcgis.com/datasets/4da9854830184c698dc38ca8d4a63927_0\"},{\"@type\":\"dcat:Distribution\",\"title\":\"Esri Rest API\",\"format\":\"Esri REST\",\"mediaType\":\"application/json\",\"accessURL\":\"https://services2.arcgis.com/JkPEgZJGxhSjYOo0/arcgis/rest/services/ParkingService/FeatureServer/0\"},{\"@type\":\"dcat:Distribution\",\"title\":\"GeoJSON\",\"format\":\"GeoJSON\",\"mediaType\":\"application/vnd.geo+json\",\"downloadURL\":\"http://data-atgis.opendata.arcgis.com/datasets/4da9854830184c698dc38ca8d4a63927_0.geojson\"},{\"@type\":\"dcat:Distribution\",\"title\":\"CSV\",\"format\":\"CSV\",\"mediaType\":\"text/csv\",\"downloadURL\":\"http://data-atgis.opendata.arcgis.com/datasets/4da9854830184c698dc38ca8d4a63927_0.csv\"},{\"@type\":\"dcat:Distribution\",\"title\":\"KML\",\"format\":\"KML\",\"mediaType\":\"application/vnd.google-earth.kml+xml\",\"downloadURL\":\"http://data-atgis.opendata.arcgis.com/datasets/4da9854830184c698dc38ca8d4a63927_0.kml\"},{\"@type\":\"dcat:Distribution\",\"title\":\"Shapefile\",\"format\":\"ZIP\",\"mediaType\":\"application/zip\",\"downloadURL\":\"http://data-atgis.opendata.arcgis.com/datasets/4da9854830184c698dc38ca8d4a63927_0.zip\"}],\"landingPage\":\"http://data-atgis.opendata.arcgis.com/datasets/4da9854830184c698dc38ca8d4a63927_0\",\"webService\":\"https://services2.arcgis.com/JkPEgZJGxhSjYOo0/arcgis/rest/services/ParkingService/FeatureServer/0\",\"license\":\"https://hub.arcgis.com/api/v2/datasets/4da9854830184c698dc38ca8d4a63927_0/license\",\"spatial\":\"174.5795623849864,-37.02650881496938,174.98476072781756,-36.38646323478451\",\"theme\":[\"geospatial\"]},{\"@type\":\"dcat:Dataset\",\"identifier\":\"http://data-atgis.opendata.arcgis.com/datasets/4da9854830184c698dc38ca8d4a63927_4\",\"title\":\"Parking Lease\",\"description\":\"This service provide layers to show locations of individual types of parking facilities available to the public. For more information regarding each facility, please visit https://at.govt.nz/driving-parking/\",\"keyword\":[\"Parking\",\" Public Transport\",\" Public\",\" Facility\"],\"issued\":\"2018-10-16T02:44:44.000Z\",\"modified\":\"2019-04-05T00:24:32.909Z\",\"publisher\":{\"name\":\"Auckland Transport\"},\"contactPoint\":{\"@type\":\"vcard:Contact\",\"fn\":\"Susan Jones\",\"hasEmail\":\"mailto:\"},\"accessLevel\":\"public\",\"distribution\":[{\"@type\":\"dcat:Distribution\",\"title\":\"ArcGIS Open Dataset\",\"format\":\"Web page\",\"mediaType\":\"text/html\",\"accessURL\":\"http://data-atgis.opendata.arcgis.com/datasets/4da9854830184c698dc38ca8d4a63927_4\"},{\"@type\":\"dcat:Distribution\",\"title\":\"Esri Rest API\",\"format\":\"Esri REST\",\"mediaType\":\"application/json\",\"accessURL\":\"https://services2.arcgis.com/JkPEgZJGxhSjYOo0/arcgis/rest/services/ParkingService/FeatureServer/4\"},{\"@type\":\"dcat:Distribution\",\"title\":\"GeoJSON\",\"format\":\"GeoJSON\",\"mediaType\":\"application/vnd.geo+json\",\"downloadURL\":\"http://data-atgis.opendata.arcgis.com/datasets/4da9854830184c698dc38ca8d4a63927_4.geojson\"},{\"@type\":\"dcat:Distribution\",\"title\":\"CSV\",\"format\":\"CSV\",\"mediaType\":\"text/csv\",\"downloadURL\":\"http://data-atgis.opendata.arcgis.com/datasets/4da9854830184c698dc38ca8d4a63927_4.csv\"},{\"@type\":\"dcat:Distribution\",\"title\":\"KML\",\"format\":\"KML\",\"mediaType\":\"application/vnd.google-earth.kml+xml\",\"downloadURL\":\"http://data-atgis.opendata.arcgis.com/datasets/4da9854830184c698dc38ca8d4a63927_4.kml\"},{\"@type\":\"dcat:Distribution\",\"title\":\"Shapefile\",\"format\":\"ZIP\",\"mediaType\":\"application/zip\",\"downloadURL\":\"http://data-atgis.opendata.arcgis.com/datasets/4da9854830184c698dc38ca8d4a63927_4.zip\"}],\"landingPage\":\"http://data-atgis.opendata.arcgis.com/datasets/4da9854830184c698dc38ca8d4a63927_4\",\"webService\":\"https://services2.arcgis.com/JkPEgZJGxhSjYOo0/arcgis/rest/services/ParkingService/FeatureServer/4\",\"license\":\"https://hub.arcgis.com/api/v2/datasets/4da9854830184c698dc38ca8d4a63927_4/license\",\"spatial\":\"174.5795623849864,-37.02650881496938,174.98476072781756,-36.38646323478451\",\"theme\":[\"geospatial\"]},{\"@type\":\"dcat:Dataset\",\"identifier\":\"http://data-atgis.opendata.arcgis.com/datasets/4da9854830184c698dc38ca8d4a63927_5\",\"title\":\"Park and Ride\",\"description\":\"This service provide layers to show locations of individual types of parking facilities available to the public. For more information regarding each facility, please visit https://at.govt.nz/driving-parking/\",\"keyword\":[\"Parking\",\" Public Transport\",\" Public\",\" Facility\"],\"issued\":\"2018-10-16T02:44:44.000Z\",\"modified\":\"2019-04-05T00:24:32.909Z\",\"publisher\":{\"name\":\"Auckland Transport\"},\"contactPoint\":{\"@type\":\"vcard:Contact\",\"fn\":\"Susan Jones\",\"hasEmail\":\"mailto:\"},\"accessLevel\":\"public\",\"distribution\":[{\"@type\":\"dcat:Distribution\",\"title\":\"ArcGIS Open Dataset\",\"format\":\"Web page\",\"mediaType\":\"text/html\",\"accessURL\":\"http://data-atgis.opendata.arcgis.com/datasets/4da9854830184c698dc38ca8d4a63927_5\"},{\"@type\":\"dcat:Distribution\",\"title\":\"Esri Rest API\",\"format\":\"Esri REST\",\"mediaType\":\"application/json\",\"accessURL\":\"https://services2.arcgis.com/JkPEgZJGxhSjYOo0/arcgis/rest/services/ParkingService/FeatureServer/5\"},{\"@type\":\"dcat:Distribution\",\"title\":\"GeoJSON\",\"format\":\"GeoJSON\",\"mediaType\":\"application/vnd.geo+json\",\"downloadURL\":\"http://data-atgis.opendata.arcgis.com/datasets/4da9854830184c698dc38ca8d4a63927_5.geojson\"},{\"@type\":\"dcat:Distribution\",\"title\":\"CSV\",\"format\":\"CSV\",\"mediaType\":\"text/csv\",\"downloadURL\":\"http://data-atgis.opendata.arcgis.com/datasets/4da9854830184c698dc38ca8d4a63927_5.csv\"},{\"@type\":\"dcat:Distribution\",\"title\":\"KML\",\"format\":\"KML\",\"mediaType\":\"application/vnd.google-earth.kml+xml\",\"downloadURL\":\"http://data-atgis.opendata.arcgis.com/datasets/4da9854830184c698dc38ca8d4a63927_5.kml\"},{\"@type\":\"dcat:Distribution\",\"title\":\"Shapefile\",\"format\":\"ZIP\",\"mediaType\":\"application/zip\",\"downloadURL\":\"http://data-atgis.opendata.arcgis.com/datasets/4da9854830184c698dc38ca8d4a63927_5.zip\"}],\"landingPage\":\"http://data-atgis.opendata.arcgis.com/datasets/4da9854830184c698dc38ca8d4a63927_5\",\"webService\":\"https://services2.arcgis.com/JkPEgZJGxhSjYOo0/arcgis/rest/services/ParkingService/FeatureServer/5\",\"license\":\"https://hub.arcgis.com/api/v2/datasets/4da9854830184c698dc38ca8d4a63927_5/license\",\"spatial\":\"174.5795623849864,-37.02650881496938,174.98476072781756,-36.38646323478451\",\"theme\":[\"geospatial\"]},{\"@type\":\"dcat:Dataset\",\"identifier\":\"http://data-atgis.opendata.arcgis.com/datasets/4da9854830184c698dc38ca8d4a63927_3\",\"title\":\"Bus Parking\",\"description\":\"This service provide layers to show locations of individual types of parking facilities available to the public. For more information regarding each facility, please visit https://at.govt.nz/driving-parking/\",\"keyword\":[\"Parking\",\" Public Transport\",\" Public\",\" Facility\"],\"issued\":\"2018-10-16T02:44:44.000Z\",\"modified\":\"2019-04-05T00:24:32.909Z\",\"publisher\":{\"name\":\"Auckland Transport\"},\"contactPoint\":{\"@type\":\"vcard:Contact\",\"fn\":\"Susan Jones\",\"hasEmail\":\"mailto:\"},\"accessLevel\":\"public\",\"distribution\":[{\"@type\":\"dcat:Distribution\",\"title\":\"ArcGIS Open Dataset\",\"format\":\"Web page\",\"mediaType\":\"text/html\",\"accessURL\":\"http://data-atgis.opendata.arcgis.com/datasets/4da9854830184c698dc38ca8d4a63927_3\"},{\"@type\":\"dcat:Distribution\",\"title\":\"Esri Rest API\",\"format\":\"Esri REST\",\"mediaType\":\"application/json\",\"accessURL\":\"https://services2.arcgis.com/JkPEgZJGxhSjYOo0/arcgis/rest/services/ParkingService/FeatureServer/3\"},{\"@type\":\"dcat:Distribution\",\"title\":\"GeoJSON\",\"format\":\"GeoJSON\",\"mediaType\":\"application/vnd.geo+json\",\"downloadURL\":\"http://data-atgis.opendata.arcgis.com/datasets/4da9854830184c698dc38ca8d4a63927_3.geojson\"},{\"@type\":\"dcat:Distribution\",\"title\":\"CSV\",\"format\":\"CSV\",\"mediaType\":\"text/csv\",\"downloadURL\":\"http://data-atgis.opendata.arcgis.com/datasets/4da9854830184c698dc38ca8d4a63927_3.csv\"},{\"@type\":\"dcat:Distribution\",\"title\":\"KML\",\"format\":\"KML\",\"mediaType\":\"application/vnd.google-earth.kml+xml\",\"downloadURL\":\"http://data-atgis.opendata.arcgis.com/datasets/4da9854830184c698dc38ca8d4a63927_3.kml\"},{\"@type\":\"dcat:Distribution\",\"title\":\"Shapefile\",\"format\":\"ZIP\",\"mediaType\":\"application/zip\",\"downloadURL\":\"http://data-atgis.opendata.arcgis.com/datasets/4da9854830184c698dc38ca8d4a63927_3.zip\"}],\"landingPage\":\"http://data-atgis.opendata.arcgis.com/datasets/4da9854830184c698dc38ca8d4a63927_3\",\"webService\":\"https://services2.arcgis.com/JkPEgZJGxhSjYOo0/arcgis/rest/services/ParkingService/FeatureServer/3\",\"license\":\"https://hub.arcgis.com/api/v2/datasets/4da9854830184c698dc38ca8d4a63927_3/license\",\"spatial\":\"174.5795623849864,-37.02650881496938,174.98476072781756,-36.38646323478451\",\"theme\":[\"geospatial\"]},{\"@type\":\"dcat:Dataset\",\"identifier\":\"http://data-atgis.opendata.arcgis.com/datasets/4da9854830184c698dc38ca8d4a63927_1\",\"title\":\"Car Parking\",\"description\":\"This service provide layers to show locations of individual types of parking facilities available to the public. For more information regarding each facility, please visit https://at.govt.nz/driving-parking/\",\"keyword\":[\"Parking\",\" Public Transport\",\" Public\",\" Facility\"],\"issued\":\"2018-10-16T02:44:44.000Z\",\"modified\":\"2019-04-05T00:24:32.909Z\",\"publisher\":{\"name\":\"Auckland Transport\"},\"contactPoint\":{\"@type\":\"vcard:Contact\",\"fn\":\"Susan Jones\",\"hasEmail\":\"mailto:\"},\"accessLevel\":\"public\",\"distribution\":[{\"@type\":\"dcat:Distribution\",\"title\":\"ArcGIS Open Dataset\",\"format\":\"Web page\",\"mediaType\":\"text/html\",\"accessURL\":\"http://data-atgis.opendata.arcgis.com/datasets/4da9854830184c698dc38ca8d4a63927_1\"},{\"@type\":\"dcat:Distribution\",\"title\":\"Esri Rest API\",\"format\":\"Esri REST\",\"mediaType\":\"application/json\",\"accessURL\":\"https://services2.arcgis.com/JkPEgZJGxhSjYOo0/arcgis/rest/services/ParkingService/FeatureServer/1\"},{\"@type\":\"dcat:Distribution\",\"title\":\"GeoJSON\",\"format\":\"GeoJSON\",\"mediaType\":\"application/vnd.geo+json\",\"downloadURL\":\"http://data-atgis.opendata.arcgis.com/datasets/4da9854830184c698dc38ca8d4a63927_1.geojson\"},{\"@type\":\"dcat:Distribution\",\"title\":\"CSV\",\"format\":\"CSV\",\"mediaType\":\"text/csv\",\"downloadURL\":\"http://data-atgis.opendata.arcgis.com/datasets/4da9854830184c698dc38ca8d4a63927_1.csv\"},{\"@type\":\"dcat:Distribution\",\"title\":\"KML\",\"format\":\"KML\",\"mediaType\":\"application/vnd.google-earth.kml+xml\",\"downloadURL\":\"http://data-atgis.opendata.arcgis.com/datasets/4da9854830184c698dc38ca8d4a63927_1.kml\"},{\"@type\":\"dcat:Distribution\",\"title\":\"Shapefile\",\"format\":\"ZIP\",\"mediaType\":\"application/zip\",\"downloadURL\":\"http://data-atgis.opendata.arcgis.com/datasets/4da9854830184c698dc38ca8d4a63927_1.zip\"}],\"landingPage\":\"http://data-atgis.opendata.arcgis.com/datasets/4da9854830184c698dc38ca8d4a63927_1\",\"webService\":\"https://services2.arcgis.com/JkPEgZJGxhSjYOo0/arcgis/rest/services/ParkingService/FeatureServer/1\",\"license\":\"https://hub.arcgis.com/api/v2/datasets/4da9854830184c698dc38ca8d4a63927_1/license\",\"spatial\":\"174.5795623849864,-37.02650881496938,174.98476072781756,-36.38646323478451\",\"theme\":[\"geospatial\"]},{\"@type\":\"dcat:Dataset\",\"identifier\":\"http://data-atgis.opendata.arcgis.com/datasets/4da9854830184c698dc38ca8d4a63927_2\",\"title\":\"Taxi Parking\",\"description\":\"This service provide layers to show locations of individual types of parking facilities available to the public. For more information regarding each facility, please visit https://at.govt.nz/driving-parking/\",\"keyword\":[\"Parking\",\" Public Transport\",\" Public\",\" Facility\"],\"issued\":\"2018-10-16T02:44:44.000Z\",\"modified\":\"2019-04-05T00:24:32.909Z\",\"publisher\":{\"name\":\"Auckland Transport\"},\"contactPoint\":{\"@type\":\"vcard:Contact\",\"fn\":\"Susan Jones\",\"hasEmail\":\"mailto:\"},\"accessLevel\":\"public\",\"distribution\":[{\"@type\":\"dcat:Distribution\",\"title\":\"ArcGIS Open Dataset\",\"format\":\"Web page\",\"mediaType\":\"text/html\",\"accessURL\":\"http://data-atgis.opendata.arcgis.com/datasets/4da9854830184c698dc38ca8d4a63927_2\"},{\"@type\":\"dcat:Distribution\",\"title\":\"Esri Rest API\",\"format\":\"Esri REST\",\"mediaType\":\"application/json\",\"accessURL\":\"https://services2.arcgis.com/JkPEgZJGxhSjYOo0/arcgis/rest/services/ParkingService/FeatureServer/2\"},{\"@type\":\"dcat:Distribution\",\"title\":\"GeoJSON\",\"format\":\"GeoJSON\",\"mediaType\":\"application/vnd.geo+json\",\"downloadURL\":\"http://data-atgis.opendata.arcgis.com/datasets/4da9854830184c698dc38ca8d4a63927_2.geojson\"},{\"@type\":\"dcat:Distribution\",\"title\":\"CSV\",\"format\":\"CSV\",\"mediaType\":\"text/csv\",\"downloadURL\":\"http://data-atgis.opendata.arcgis.com/datasets/4da9854830184c698dc38ca8d4a63927_2.csv\"},{\"@type\":\"dcat:Distribution\",\"title\":\"KML\",\"format\":\"KML\",\"mediaType\":\"application/vnd.google-earth.kml+xml\",\"downloadURL\":\"http://data-atgis.opendata.arcgis.com/datasets/4da9854830184c698dc38ca8d4a63927_2.kml\"},{\"@type\":\"dcat:Distribution\",\"title\":\"Shapefile\",\"format\":\"ZIP\",\"mediaType\":\"application/zip\",\"downloadURL\":\"http://data-atgis.opendata.arcgis.com/datasets/4da9854830184c698dc38ca8d4a63927_2.zip\"}],\"landingPage\":\"http://data-atgis.opendata.arcgis.com/datasets/4da9854830184c698dc38ca8d4a63927_2\",\"webService\":\"https://services2.arcgis.com/JkPEgZJGxhSjYOo0/arcgis/rest/services/ParkingService/FeatureServer/2\",\"license\":\"https://hub.arcgis.com/api/v2/datasets/4da9854830184c698dc38ca8d4a63927_2/license\",\"spatial\":\"174.5795623849864,-37.02650881496938,174.98476072781756,-36.38646323478451\",\"theme\":[\"geospatial\"]},{\"@type\":\"dcat:Dataset\",\"identifier\":\"http://data-atgis.opendata.arcgis.com/datasets/f7a0ea8116084c62873345df0089ea8e_0\",\"title\":\"Transit Lanes\",\"description\":\"<p>Transit lane locations in Auckland, including bus and truck only lanes and T2, T3 and their operational times.</p>\",\"keyword\":[\" Traffic\",\"Roading\",\"Driving  Parking\",\"Freight Network\",\"Bus\",\"Parking\"],\"issued\":\"2019-03-27T00:33:59.000Z\",\"modified\":\"2019-04-01T11:53:13.660Z\",\"publisher\":{\"name\":\"Auckland Transport\"},\"contactPoint\":{\"@type\":\"vcard:Contact\",\"fn\":\"Susan Jones\",\"hasEmail\":\"mailto:\"},\"accessLevel\":\"public\",\"distribution\":[{\"@type\":\"dcat:Distribution\",\"title\":\"ArcGIS Open Dataset\",\"format\":\"Web page\",\"mediaType\":\"text/html\",\"accessURL\":\"http://data-atgis.opendata.arcgis.com/datasets/f7a0ea8116084c62873345df0089ea8e_0\"},{\"@type\":\"dcat:Distribution\",\"title\":\"Esri Rest API\",\"format\":\"Esri REST\",\"mediaType\":\"application/json\",\"accessURL\":\"https://services2.arcgis.com/JkPEgZJGxhSjYOo0/arcgis/rest/services/OpenData_TransitLanes/FeatureServer/0\"},{\"@type\":\"dcat:Distribution\",\"title\":\"GeoJSON\",\"format\":\"GeoJSON\",\"mediaType\":\"application/vnd.geo+json\",\"downloadURL\":\"http://data-atgis.opendata.arcgis.com/datasets/f7a0ea8116084c62873345df0089ea8e_0.geojson\"},{\"@type\":\"dcat:Distribution\",\"title\":\"CSV\",\"format\":\"CSV\",\"mediaType\":\"text/csv\",\"downloadURL\":\"http://data-atgis.opendata.arcgis.com/datasets/f7a0ea8116084c62873345df0089ea8e_0.csv\"},{\"@type\":\"dcat:Distribution\",\"title\":\"KML\",\"format\":\"KML\",\"mediaType\":\"application/vnd.google-earth.kml+xml\",\"downloadURL\":\"http://data-atgis.opendata.arcgis.com/datasets/f7a0ea8116084c62873345df0089ea8e_0.kml\"},{\"@type\":\"dcat:Distribution\",\"title\":\"Shapefile\",\"format\":\"ZIP\",\"mediaType\":\"application/zip\",\"downloadURL\":\"http://data-atgis.opendata.arcgis.com/datasets/f7a0ea8116084c62873345df0089ea8e_0.zip\"}],\"landingPage\":\"http://data-atgis.opendata.arcgis.com/datasets/f7a0ea8116084c62873345df0089ea8e_0\",\"webService\":\"https://services2.arcgis.com/JkPEgZJGxhSjYOo0/arcgis/rest/services/OpenData_TransitLanes/FeatureServer/0\",\"license\":\"https://hub.arcgis.com/api/v2/datasets/f7a0ea8116084c62873345df0089ea8e_0/license\",\"spatial\":\"174.62183331231205,-37.0780954515941,176.03007076306739,-36.39318365574263\",\"theme\":[\"geospatial\"]},{\"@type\":\"dcat:Dataset\",\"identifier\":\"http://data-atgis.opendata.arcgis.com/datasets/dbe7e823362a495eb9d053e1514011f1_1\",\"title\":\"Loading Zone\",\"description\":\"This service shows different zoning areas related to parking facilities that is currently being used to support public AT parking app.\",\"keyword\":[\"Parking\",\"  Public\",\"  Facility\"],\"issued\":\"2016-12-08T22:05:30.000Z\",\"modified\":\"2019-03-27T02:11:15.284Z\",\"publisher\":{\"name\":\"Auckland Transport\"},\"contactPoint\":{\"@type\":\"vcard:Contact\",\"fn\":\"Susan Jones\",\"hasEmail\":\"mailto:\"},\"accessLevel\":\"public\",\"distribution\":[{\"@type\":\"dcat:Distribution\",\"title\":\"ArcGIS Open Dataset\",\"format\":\"Web page\",\"mediaType\":\"text/html\",\"accessURL\":\"http://data-atgis.opendata.arcgis.com/datasets/dbe7e823362a495eb9d053e1514011f1_1\"},{\"@type\":\"dcat:Distribution\",\"title\":\"Esri Rest API\",\"format\":\"Esri REST\",\"mediaType\":\"application/json\",\"accessURL\":\"https://services2.arcgis.com/JkPEgZJGxhSjYOo0/arcgis/rest/services/ParkingZone/FeatureServer/1\"},{\"@type\":\"dcat:Distribution\",\"title\":\"GeoJSON\",\"format\":\"GeoJSON\",\"mediaType\":\"application/vnd.geo+json\",\"downloadURL\":\"http://data-atgis.opendata.arcgis.com/datasets/dbe7e823362a495eb9d053e1514011f1_1.geojson\"},{\"@type\":\"dcat:Distribution\",\"title\":\"CSV\",\"format\":\"CSV\",\"mediaType\":\"text/csv\",\"downloadURL\":\"http://data-atgis.opendata.arcgis.com/datasets/dbe7e823362a495eb9d053e1514011f1_1.csv\"},{\"@type\":\"dcat:Distribution\",\"title\":\"KML\",\"format\":\"KML\",\"mediaType\":\"application/vnd.google-earth.kml+xml\",\"downloadURL\":\"http://data-atgis.opendata.arcgis.com/datasets/dbe7e823362a495eb9d053e1514011f1_1.kml\"},{\"@type\":\"dcat:Distribution\",\"title\":\"Shapefile\",\"format\":\"ZIP\",\"mediaType\":\"application/zip\",\"downloadURL\":\"http://data-atgis.opendata.arcgis.com/datasets/dbe7e823362a495eb9d053e1514011f1_1.zip\"}],\"landingPage\":\"http://data-atgis.opendata.arcgis.com/datasets/dbe7e823362a495eb9d053e1514011f1_1\",\"webService\":\"https://services2.arcgis.com/JkPEgZJGxhSjYOo0/arcgis/rest/services/ParkingZone/FeatureServer/1\",\"license\":\"https://hub.arcgis.com/api/v2/datasets/dbe7e823362a495eb9d053e1514011f1_1/license\",\"spatial\":\"174.63352970847703,-37.070837511446484,174.99347961137028,-36.72285579511666\",\"theme\":[\"geospatial\"]},{\"@type\":\"dcat:Dataset\",\"identifier\":\"http://data-atgis.opendata.arcgis.com/datasets/dbe7e823362a495eb9d053e1514011f1_3\",\"title\":\"Paid Parking Area IDs\",\"description\":\"This service shows different zoning areas related to parking facilities that is currently being used to support public AT parking app.\",\"keyword\":[\"Parking\",\"  Public\",\"  Facility\"],\"issued\":\"2016-12-08T22:05:30.000Z\",\"modified\":\"2019-03-27T02:11:03.873Z\",\"publisher\":{\"name\":\"Auckland Transport\"},\"contactPoint\":{\"@type\":\"vcard:Contact\",\"fn\":\"Susan Jones\",\"hasEmail\":\"mailto:\"},\"accessLevel\":\"public\",\"distribution\":[{\"@type\":\"dcat:Distribution\",\"title\":\"ArcGIS Open Dataset\",\"format\":\"Web page\",\"mediaType\":\"text/html\",\"accessURL\":\"http://data-atgis.opendata.arcgis.com/datasets/dbe7e823362a495eb9d053e1514011f1_3\"},{\"@type\":\"dcat:Distribution\",\"title\":\"Esri Rest API\",\"format\":\"Esri REST\",\"mediaType\":\"application/json\",\"accessURL\":\"https://services2.arcgis.com/JkPEgZJGxhSjYOo0/arcgis/rest/services/ParkingZone/FeatureServer/3\"},{\"@type\":\"dcat:Distribution\",\"title\":\"GeoJSON\",\"format\":\"GeoJSON\",\"mediaType\":\"application/vnd.geo+json\",\"downloadURL\":\"http://data-atgis.opendata.arcgis.com/datasets/dbe7e823362a495eb9d053e1514011f1_3.geojson\"},{\"@type\":\"dcat:Distribution\",\"title\":\"CSV\",\"format\":\"CSV\",\"mediaType\":\"text/csv\",\"downloadURL\":\"http://data-atgis.opendata.arcgis.com/datasets/dbe7e823362a495eb9d053e1514011f1_3.csv\"},{\"@type\":\"dcat:Distribution\",\"title\":\"KML\",\"format\":\"KML\",\"mediaType\":\"application/vnd.google-earth.kml+xml\",\"downloadURL\":\"http://data-atgis.opendata.arcgis.com/datasets/dbe7e823362a495eb9d053e1514011f1_3.kml\"},{\"@type\":\"dcat:Distribution\",\"title\":\"Shapefile\",\"format\":\"ZIP\",\"mediaType\":\"application/zip\",\"downloadURL\":\"http://data-atgis.opendata.arcgis.com/datasets/dbe7e823362a495eb9d053e1514011f1_3.zip\"}],\"landingPage\":\"http://data-atgis.opendata.arcgis.com/datasets/dbe7e823362a495eb9d053e1514011f1_3\",\"webService\":\"https://services2.arcgis.com/JkPEgZJGxhSjYOo0/arcgis/rest/services/ParkingZone/FeatureServer/3\",\"license\":\"https://hub.arcgis.com/api/v2/datasets/dbe7e823362a495eb9d053e1514011f1_3/license\",\"spatial\":\"174.63352970847703,-37.070837511446484,174.99347961137028,-36.72285579511666\",\"theme\":[\"geospatial\"]},{\"@type\":\"dcat:Dataset\",\"identifier\":\"http://data-atgis.opendata.arcgis.com/datasets/dbe7e823362a495eb9d053e1514011f1_0\",\"title\":\"Signage\",\"description\":\"This service shows different zoning areas related to parking facilities that is currently being used to support public AT parking app.\",\"keyword\":[\"Parking\",\"  Public\",\"  Facility\"],\"issued\":\"2016-12-08T22:05:30.000Z\",\"modified\":\"2019-03-27T02:10:31.696Z\",\"publisher\":{\"name\":\"Auckland Transport\"},\"contactPoint\":{\"@type\":\"vcard:Contact\",\"fn\":\"Susan Jones\",\"hasEmail\":\"mailto:\"},\"accessLevel\":\"public\",\"distribution\":[{\"@type\":\"dcat:Distribution\",\"title\":\"ArcGIS Open Dataset\",\"format\":\"Web page\",\"mediaType\":\"text/html\",\"accessURL\":\"http://data-atgis.opendata.arcgis.com/datasets/dbe7e823362a495eb9d053e1514011f1_0\"},{\"@type\":\"dcat:Distribution\",\"title\":\"Esri Rest API\",\"format\":\"Esri REST\",\"mediaType\":\"application/json\",\"accessURL\":\"https://services2.arcgis.com/JkPEgZJGxhSjYOo0/arcgis/rest/services/ParkingZone/FeatureServer/0\"},{\"@type\":\"dcat:Distribution\",\"title\":\"GeoJSON\",\"format\":\"GeoJSON\",\"mediaType\":\"application/vnd.geo+json\",\"downloadURL\":\"http://data-atgis.opendata.arcgis.com/datasets/dbe7e823362a495eb9d053e1514011f1_0.geojson\"},{\"@type\":\"dcat:Distribution\",\"title\":\"CSV\",\"format\":\"CSV\",\"mediaType\":\"text/csv\",\"downloadURL\":\"http://data-atgis.opendata.arcgis.com/datasets/dbe7e823362a495eb9d053e1514011f1_0.csv\"},{\"@type\":\"dcat:Distribution\",\"title\":\"KML\",\"format\":\"KML\",\"mediaType\":\"application/vnd.google-earth.kml+xml\",\"downloadURL\":\"http://data-atgis.opendata.arcgis.com/datasets/dbe7e823362a495eb9d053e1514011f1_0.kml\"},{\"@type\":\"dcat:Distribution\",\"title\":\"Shapefile\",\"format\":\"ZIP\",\"mediaType\":\"application/zip\",\"downloadURL\":\"http://data-atgis.opendata.arcgis.com/datasets/dbe7e823362a495eb9d053e1514011f1_0.zip\"}],\"landingPage\":\"http://data-atgis.opendata.arcgis.com/datasets/dbe7e823362a495eb9d053e1514011f1_0\",\"webService\":\"https://services2.arcgis.com/JkPEgZJGxhSjYOo0/arcgis/rest/services/ParkingZone/FeatureServer/0\",\"license\":\"https://hub.arcgis.com/api/v2/datasets/dbe7e823362a495eb9d053e1514011f1_0/license\",\"spatial\":\"174.63352970847703,-37.070837511446484,174.99347961137028,-36.72285579511666\",\"theme\":[\"geospatial\"]},{\"@type\":\"dcat:Dataset\",\"identifier\":\"http://data-atgis.opendata.arcgis.com/datasets/dbe7e823362a495eb9d053e1514011f1_2\",\"title\":\"Mobility Zone\",\"description\":\"This service shows different zoning areas related to parking facilities that is currently being used to support public AT parking app.\",\"keyword\":[\"Parking\",\"  Public\",\"  Facility\"],\"issued\":\"2016-12-08T22:05:30.000Z\",\"modified\":\"2019-03-26T13:01:20.346Z\",\"publisher\":{\"name\":\"Auckland Transport\"},\"contactPoint\":{\"@type\":\"vcard:Contact\",\"fn\":\"Susan Jones\",\"hasEmail\":\"mailto:\"},\"accessLevel\":\"public\",\"distribution\":[{\"@type\":\"dcat:Distribution\",\"title\":\"ArcGIS Open Dataset\",\"format\":\"Web page\",\"mediaType\":\"text/html\",\"accessURL\":\"http://data-atgis.opendata.arcgis.com/datasets/dbe7e823362a495eb9d053e1514011f1_2\"},{\"@type\":\"dcat:Distribution\",\"title\":\"Esri Rest API\",\"format\":\"Esri REST\",\"mediaType\":\"application/json\",\"accessURL\":\"https://services2.arcgis.com/JkPEgZJGxhSjYOo0/arcgis/rest/services/ParkingZone/FeatureServer/2\"},{\"@type\":\"dcat:Distribution\",\"title\":\"GeoJSON\",\"format\":\"GeoJSON\",\"mediaType\":\"application/vnd.geo+json\",\"downloadURL\":\"http://data-atgis.opendata.arcgis.com/datasets/dbe7e823362a495eb9d053e1514011f1_2.geojson\"},{\"@type\":\"dcat:Distribution\",\"title\":\"CSV\",\"format\":\"CSV\",\"mediaType\":\"text/csv\",\"downloadURL\":\"http://data-atgis.opendata.arcgis.com/datasets/dbe7e823362a495eb9d053e1514011f1_2.csv\"},{\"@type\":\"dcat:Distribution\",\"title\":\"KML\",\"format\":\"KML\",\"mediaType\":\"application/vnd.google-earth.kml+xml\",\"downloadURL\":\"http://data-atgis.opendata.arcgis.com/datasets/dbe7e823362a495eb9d053e1514011f1_2.kml\"},{\"@type\":\"dcat:Distribution\",\"title\":\"Shapefile\",\"format\":\"ZIP\",\"mediaType\":\"application/zip\",\"downloadURL\":\"http://data-atgis.opendata.arcgis.com/datasets/dbe7e823362a495eb9d053e1514011f1_2.zip\"}],\"landingPage\":\"http://data-atgis.opendata.arcgis.com/datasets/dbe7e823362a495eb9d053e1514011f1_2\",\"webService\":\"https://services2.arcgis.com/JkPEgZJGxhSjYOo0/arcgis/rest/services/ParkingZone/FeatureServer/2\",\"license\":\"https://hub.arcgis.com/api/v2/datasets/dbe7e823362a495eb9d053e1514011f1_2/license\",\"spatial\":\"174.63352970847703,-37.070837511446484,174.99347961137028,-36.72285579511666\",\"theme\":[\"geospatial\"]},{\"@type\":\"dcat:Dataset\",\"identifier\":\"http://data-atgis.opendata.arcgis.com/datasets/edfa33e4f2c14575925cce77052bbd48_0\",\"title\":\"Freight Routes\",\"description\":\"<p>Freight refers to any vehicle carrying freight. However, for the purpose of designing roads AT concentrates on the vehicle’s dimensions and weight ( &gt;7.5 GVT and &lt;=44 GVT - also called Heavy Commercial Vehicles(HCV) as they are the type that require design changes due to queue length, turning circles, stopping distances, hill gradients, etc.This data is obtained from our Asset Inventory Database and is refreshed weekly. Please note that while all due care has been taken in the preparation and provision of this service, Auckland Transport (AT) does not give any warranty that the information contained is accurate and accepts no liability whatsoever for any loss or damage arising from the use of the data. Users of this data should apply and rely upon their own skill and judgement when using the information, and consider the consequences arising from its use. This data should not be used in isolation from other sources of advice and information. Levels 4,5,6,7 in the data refers to the following regional freight network (RFN) levels 1A,1B,3 and 2 respectively.</p>\",\"keyword\":[\"OWOD\",\" Open Data\",\" Freight Network\",\" Overweight\",\" Overdimension\"],\"issued\":\"2019-03-05T00:51:43.000Z\",\"modified\":\"2019-03-11T11:41:19.966Z\",\"publisher\":{\"name\":\"Auckland Transport\"},\"contactPoint\":{\"@type\":\"vcard:Contact\",\"fn\":\"Susan Jones\",\"hasEmail\":\"mailto:\"},\"accessLevel\":\"public\",\"distribution\":[{\"@type\":\"dcat:Distribution\",\"title\":\"ArcGIS Open Dataset\",\"format\":\"Web page\",\"mediaType\":\"text/html\",\"accessURL\":\"http://data-atgis.opendata.arcgis.com/datasets/edfa33e4f2c14575925cce77052bbd48_0\"},{\"@type\":\"dcat:Distribution\",\"title\":\"Esri Rest API\",\"format\":\"Esri REST\",\"mediaType\":\"application/json\",\"accessURL\":\"https://services2.arcgis.com/JkPEgZJGxhSjYOo0/arcgis/rest/services/FreightRoutes/FeatureServer/0\"},{\"@type\":\"dcat:Distribution\",\"title\":\"GeoJSON\",\"format\":\"GeoJSON\",\"mediaType\":\"application/vnd.geo+json\",\"downloadURL\":\"http://data-atgis.opendata.arcgis.com/datasets/edfa33e4f2c14575925cce77052bbd48_0.geojson\"},{\"@type\":\"dcat:Distribution\",\"title\":\"CSV\",\"format\":\"CSV\",\"mediaType\":\"text/csv\",\"downloadURL\":\"http://data-atgis.opendata.arcgis.com/datasets/edfa33e4f2c14575925cce77052bbd48_0.csv\"},{\"@type\":\"dcat:Distribution\",\"title\":\"KML\",\"format\":\"KML\",\"mediaType\":\"application/vnd.google-earth.kml+xml\",\"downloadURL\":\"http://data-atgis.opendata.arcgis.com/datasets/edfa33e4f2c14575925cce77052bbd48_0.kml\"},{\"@type\":\"dcat:Distribution\",\"title\":\"Shapefile\",\"format\":\"ZIP\",\"mediaType\":\"application/zip\",\"downloadURL\":\"http://data-atgis.opendata.arcgis.com/datasets/edfa33e4f2c14575925cce77052bbd48_0.zip\"}],\"landingPage\":\"http://data-atgis.opendata.arcgis.com/datasets/edfa33e4f2c14575925cce77052bbd48_0\",\"webService\":\"https://services2.arcgis.com/JkPEgZJGxhSjYOo0/arcgis/rest/services/FreightRoutes/FeatureServer/0\",\"license\":\"https://hub.arcgis.com/api/v2/datasets/edfa33e4f2c14575925cce77052bbd48_0/license\",\"spatial\":\"174.43915510244523,-37.23898259351363,175.48949188502627,-36.14781299101148\",\"theme\":[\"geospatial\"]},{\"@type\":\"dcat:Dataset\",\"identifier\":\"http://data-atgis.opendata.arcgis.com/datasets/e283e6eac441485994afe02a416ca8fb_0\",\"title\":\"Mooring Locations\",\"description\":\"Current map shows locations of moorings managed by Auckland Harbourmaster. All attribute and location information is pulled from moorings database sitting on Auckland Transport infrastructure. Mooring sites are located within Mooring Management Areas throughout the Auckland region. Auckland Transport (AT) grants an annual mooring licence to boat owners, allowing occupancy of a mooring (annual fees apply). There are 70 Mooring Management Areas (MMA) where mooring is permitted in the Auckland region. The Harbourmaster's office administers mooring areas to ensure that the space is used most effectively and the boats are suitably positioned within the areas.\",\"keyword\":[\"Mooring\",\" Public\",\" Harbour\",\" HarbourMaster\"],\"issued\":\"2016-12-08T05:06:19.000Z\",\"modified\":\"2019-03-04T20:52:40.568Z\",\"publisher\":{\"name\":\"Auckland Transport\"},\"contactPoint\":{\"@type\":\"vcard:Contact\",\"fn\":\"Susan Jones\",\"hasEmail\":\"mailto:\"},\"accessLevel\":\"public\",\"distribution\":[{\"@type\":\"dcat:Distribution\",\"title\":\"ArcGIS Open Dataset\",\"format\":\"Web page\",\"mediaType\":\"text/html\",\"accessURL\":\"http://data-atgis.opendata.arcgis.com/datasets/e283e6eac441485994afe02a416ca8fb_0\"},{\"@type\":\"dcat:Distribution\",\"title\":\"Esri Rest API\",\"format\":\"Esri REST\",\"mediaType\":\"application/json\",\"accessURL\":\"https://services2.arcgis.com/JkPEgZJGxhSjYOo0/arcgis/rest/services/MooringLocations/FeatureServer/0\"},{\"@type\":\"dcat:Distribution\",\"title\":\"GeoJSON\",\"format\":\"GeoJSON\",\"mediaType\":\"application/vnd.geo+json\",\"downloadURL\":\"http://data-atgis.opendata.arcgis.com/datasets/e283e6eac441485994afe02a416ca8fb_0.geojson\"},{\"@type\":\"dcat:Distribution\",\"title\":\"CSV\",\"format\":\"CSV\",\"mediaType\":\"text/csv\",\"downloadURL\":\"http://data-atgis.opendata.arcgis.com/datasets/e283e6eac441485994afe02a416ca8fb_0.csv\"},{\"@type\":\"dcat:Distribution\",\"title\":\"KML\",\"format\":\"KML\",\"mediaType\":\"application/vnd.google-earth.kml+xml\",\"downloadURL\":\"http://data-atgis.opendata.arcgis.com/datasets/e283e6eac441485994afe02a416ca8fb_0.kml\"},{\"@type\":\"dcat:Distribution\",\"title\":\"Shapefile\",\"format\":\"ZIP\",\"mediaType\":\"application/zip\",\"downloadURL\":\"http://data-atgis.opendata.arcgis.com/datasets/e283e6eac441485994afe02a416ca8fb_0.zip\"}],\"landingPage\":\"http://data-atgis.opendata.arcgis.com/datasets/e283e6eac441485994afe02a416ca8fb_0\",\"webService\":\"https://services2.arcgis.com/JkPEgZJGxhSjYOo0/arcgis/rest/services/MooringLocations/FeatureServer/0\",\"license\":\"https://hub.arcgis.com/api/v2/datasets/e283e6eac441485994afe02a416ca8fb_0/license\",\"spatial\":\"174.63714364304593,-36.92941980233441,175.15182898996588,-36.28086030896304\",\"theme\":[\"geospatial\"]},{\"@type\":\"dcat:Dataset\",\"identifier\":\"http://data-atgis.opendata.arcgis.com/datasets/a204ffd92f7546e898402e064bda6609_1\",\"title\":\"Traffic Management Levels\",\"description\":\"<p>This data is obtained from our Asset Inventory Database\\nand is refreshed weekly.</p><p>Please note that while all due care has been taken in the\\npreparation and provision of this service, Auckland Transport (AT) does not\\ngive any warranty that the information contained is accurate and accepts no\\nliability whatsoever for any loss or damage arising from the use of the data.</p>\\n\\n<p>Users of this data should apply and rely upon their own\\nskill and judgement when using the information, and consider the consequences\\narising from its use. </p>\\n\\nThis data should not be used in isolation from\\nother sources of advice and information.\",\"keyword\":[\"Traffic\",\" Open Data\"],\"issued\":\"2018-03-28T20:38:38.000Z\",\"modified\":\"2019-02-14T21:30:49.947Z\",\"publisher\":{\"name\":\"Auckland Transport\"},\"contactPoint\":{\"@type\":\"vcard:Contact\",\"fn\":\"Susan Jones\",\"hasEmail\":\"mailto:\"},\"accessLevel\":\"public\",\"distribution\":[{\"@type\":\"dcat:Distribution\",\"title\":\"ArcGIS Open Dataset\",\"format\":\"Web page\",\"mediaType\":\"text/html\",\"accessURL\":\"http://data-atgis.opendata.arcgis.com/datasets/a204ffd92f7546e898402e064bda6609_1\"},{\"@type\":\"dcat:Distribution\",\"title\":\"Esri Rest API\",\"format\":\"Esri REST\",\"mediaType\":\"application/json\",\"accessURL\":\"https://services2.arcgis.com/JkPEgZJGxhSjYOo0/arcgis/rest/services/TrafficService/FeatureServer/1\"},{\"@type\":\"dcat:Distribution\",\"title\":\"GeoJSON\",\"format\":\"GeoJSON\",\"mediaType\":\"application/vnd.geo+json\",\"downloadURL\":\"http://data-atgis.opendata.arcgis.com/datasets/a204ffd92f7546e898402e064bda6609_1.geojson\"},{\"@type\":\"dcat:Distribution\",\"title\":\"CSV\",\"format\":\"CSV\",\"mediaType\":\"text/csv\",\"downloadURL\":\"http://data-atgis.opendata.arcgis.com/datasets/a204ffd92f7546e898402e064bda6609_1.csv\"},{\"@type\":\"dcat:Distribution\",\"title\":\"KML\",\"format\":\"KML\",\"mediaType\":\"application/vnd.google-earth.kml+xml\",\"downloadURL\":\"http://data-atgis.opendata.arcgis.com/datasets/a204ffd92f7546e898402e064bda6609_1.kml\"},{\"@type\":\"dcat:Distribution\",\"title\":\"Shapefile\",\"format\":\"ZIP\",\"mediaType\":\"application/zip\",\"downloadURL\":\"http://data-atgis.opendata.arcgis.com/datasets/a204ffd92f7546e898402e064bda6609_1.zip\"}],\"landingPage\":\"http://data-atgis.opendata.arcgis.com/datasets/a204ffd92f7546e898402e064bda6609_1\",\"webService\":\"https://services2.arcgis.com/JkPEgZJGxhSjYOo0/arcgis/rest/services/TrafficService/FeatureServer/1\",\"license\":\"https://hub.arcgis.com/api/v2/datasets/a204ffd92f7546e898402e064bda6609_1/license\",\"spatial\":\"174.83339819102392,-57.24662142158585,175.47873259288696,-4.64820583392196\",\"theme\":[\"geospatial\"]},{\"@type\":\"dcat:Dataset\",\"identifier\":\"http://data-atgis.opendata.arcgis.com/datasets/a204ffd92f7546e898402e064bda6609_0\",\"title\":\"Average Daily Traffic Counts\",\"description\":\"<p>This data is obtained from our Asset Inventory Database\\nand is refreshed weekly.</p><p>Please note that while all due care has been taken in the\\npreparation and provision of this service, Auckland Transport (AT) does not\\ngive any warranty that the information contained is accurate and accepts no\\nliability whatsoever for any loss or damage arising from the use of the data.</p>\\n\\n<p>Users of this data should apply and rely upon their own\\nskill and judgement when using the information, and consider the consequences\\narising from its use. </p>\\n\\nThis data should not be used in isolation from\\nother sources of advice and information.\",\"keyword\":[\"Traffic\",\" Open Data\"],\"issued\":\"2018-03-28T20:38:38.000Z\",\"modified\":\"2019-02-14T20:44:58.864Z\",\"publisher\":{\"name\":\"Auckland Transport\"},\"contactPoint\":{\"@type\":\"vcard:Contact\",\"fn\":\"Susan Jones\",\"hasEmail\":\"mailto:\"},\"accessLevel\":\"public\",\"distribution\":[{\"@type\":\"dcat:Distribution\",\"title\":\"ArcGIS Open Dataset\",\"format\":\"Web page\",\"mediaType\":\"text/html\",\"accessURL\":\"http://data-atgis.opendata.arcgis.com/datasets/a204ffd92f7546e898402e064bda6609_0\"},{\"@type\":\"dcat:Distribution\",\"title\":\"Esri Rest API\",\"format\":\"Esri REST\",\"mediaType\":\"application/json\",\"accessURL\":\"https://services2.arcgis.com/JkPEgZJGxhSjYOo0/arcgis/rest/services/TrafficService/FeatureServer/0\"},{\"@type\":\"dcat:Distribution\",\"title\":\"GeoJSON\",\"format\":\"GeoJSON\",\"mediaType\":\"application/vnd.geo+json\",\"downloadURL\":\"http://data-atgis.opendata.arcgis.com/datasets/a204ffd92f7546e898402e064bda6609_0.geojson\"},{\"@type\":\"dcat:Distribution\",\"title\":\"CSV\",\"format\":\"CSV\",\"mediaType\":\"text/csv\",\"downloadURL\":\"http://data-atgis.opendata.arcgis.com/datasets/a204ffd92f7546e898402e064bda6609_0.csv\"},{\"@type\":\"dcat:Distribution\",\"title\":\"KML\",\"format\":\"KML\",\"mediaType\":\"application/vnd.google-earth.kml+xml\",\"downloadURL\":\"http://data-atgis.opendata.arcgis.com/datasets/a204ffd92f7546e898402e064bda6609_0.kml\"},{\"@type\":\"dcat:Distribution\",\"title\":\"Shapefile\",\"format\":\"ZIP\",\"mediaType\":\"application/zip\",\"downloadURL\":\"http://data-atgis.opendata.arcgis.com/datasets/a204ffd92f7546e898402e064bda6609_0.zip\"}],\"landingPage\":\"http://data-atgis.opendata.arcgis.com/datasets/a204ffd92f7546e898402e064bda6609_0\",\"webService\":\"https://services2.arcgis.com/JkPEgZJGxhSjYOo0/arcgis/rest/services/TrafficService/FeatureServer/0\",\"license\":\"https://hub.arcgis.com/api/v2/datasets/a204ffd92f7546e898402e064bda6609_0/license\",\"spatial\":\"174.83339819102392,-57.24662142158585,175.47873259288696,-4.64820583392196\",\"theme\":[\"geospatial\"]},{\"@type\":\"dcat:Dataset\",\"identifier\":\"http://data-atgis.opendata.arcgis.com/datasets/d43c489e7027489b88bcdedffc3be6c6_2\",\"title\":\"Controlled Intersections\",\"description\":\"Auckland Transport (AT) is responsible for maintaining roading signs across the Auckland Region. We have contractors that create and update sign information via AT’s Asset Management Database (RAMM). This layer is refreshed weekly.\",\"keyword\":[\"Auckland Transport\",\"Open Data\",\"Roading\",\"Signs\",\"Bridges\",\"Controlled Interstections\",\"Speed Limits\"],\"issued\":\"2018-04-19T00:20:52.000Z\",\"modified\":\"2018-10-28T20:52:59.615Z\",\"publisher\":{\"name\":\"Auckland Transport\"},\"contactPoint\":{\"@type\":\"vcard:Contact\",\"fn\":\"Susan Jones\",\"hasEmail\":\"mailto:\"},\"accessLevel\":\"public\",\"distribution\":[{\"@type\":\"dcat:Distribution\",\"title\":\"ArcGIS Open Dataset\",\"format\":\"Web page\",\"mediaType\":\"text/html\",\"accessURL\":\"http://data-atgis.opendata.arcgis.com/datasets/d43c489e7027489b88bcdedffc3be6c6_2\"},{\"@type\":\"dcat:Distribution\",\"title\":\"Esri Rest API\",\"format\":\"Esri REST\",\"mediaType\":\"application/json\",\"accessURL\":\"https://services2.arcgis.com/JkPEgZJGxhSjYOo0/arcgis/rest/services/RoadingService/FeatureServer/2\"},{\"@type\":\"dcat:Distribution\",\"title\":\"GeoJSON\",\"format\":\"GeoJSON\",\"mediaType\":\"application/vnd.geo+json\",\"downloadURL\":\"http://data-atgis.opendata.arcgis.com/datasets/d43c489e7027489b88bcdedffc3be6c6_2.geojson\"},{\"@type\":\"dcat:Distribution\",\"title\":\"CSV\",\"format\":\"CSV\",\"mediaType\":\"text/csv\",\"downloadURL\":\"http://data-atgis.opendata.arcgis.com/datasets/d43c489e7027489b88bcdedffc3be6c6_2.csv\"},{\"@type\":\"dcat:Distribution\",\"title\":\"KML\",\"format\":\"KML\",\"mediaType\":\"application/vnd.google-earth.kml+xml\",\"downloadURL\":\"http://data-atgis.opendata.arcgis.com/datasets/d43c489e7027489b88bcdedffc3be6c6_2.kml\"},{\"@type\":\"dcat:Distribution\",\"title\":\"Shapefile\",\"format\":\"ZIP\",\"mediaType\":\"application/zip\",\"downloadURL\":\"http://data-atgis.opendata.arcgis.com/datasets/d43c489e7027489b88bcdedffc3be6c6_2.zip\"}],\"landingPage\":\"http://data-atgis.opendata.arcgis.com/datasets/d43c489e7027489b88bcdedffc3be6c6_2\",\"webService\":\"https://services2.arcgis.com/JkPEgZJGxhSjYOo0/arcgis/rest/services/RoadingService/FeatureServer/2\",\"license\":\"https://hub.arcgis.com/api/v2/datasets/d43c489e7027489b88bcdedffc3be6c6_2/license\",\"spatial\":\"-176.3683496278574,-84.62177073947112,175.52532623894294,-36.114292587936966\",\"theme\":[\"geospatial\"]},{\"@type\":\"dcat:Dataset\",\"identifier\":\"http://data-atgis.opendata.arcgis.com/datasets/d43c489e7027489b88bcdedffc3be6c6_1\",\"title\":\"Bridges\",\"description\":\"Auckland Transport (AT) is responsible for maintaining roading signs across the Auckland Region. We have contractors that create and update sign information via AT’s Asset Management Database (RAMM). This layer is refreshed weekly.\",\"keyword\":[\"Auckland Transport\",\"Open Data\",\"Roading\",\"Signs\",\"Bridges\",\"Controlled Interstections\",\"Speed Limits\"],\"issued\":\"2018-04-19T00:20:52.000Z\",\"modified\":\"2019-04-28T22:50:02.670Z\",\"publisher\":{\"name\":\"Auckland Transport\"},\"contactPoint\":{\"@type\":\"vcard:Contact\",\"fn\":\"Susan Jones\",\"hasEmail\":\"mailto:\"},\"accessLevel\":\"public\",\"distribution\":[{\"@type\":\"dcat:Distribution\",\"title\":\"ArcGIS Open Dataset\",\"format\":\"Web page\",\"mediaType\":\"text/html\",\"accessURL\":\"http://data-atgis.opendata.arcgis.com/datasets/d43c489e7027489b88bcdedffc3be6c6_1\"},{\"@type\":\"dcat:Distribution\",\"title\":\"Esri Rest API\",\"format\":\"Esri REST\",\"mediaType\":\"application/json\",\"accessURL\":\"https://services2.arcgis.com/JkPEgZJGxhSjYOo0/arcgis/rest/services/RoadingService/FeatureServer/1\"},{\"@type\":\"dcat:Distribution\",\"title\":\"GeoJSON\",\"format\":\"GeoJSON\",\"mediaType\":\"application/vnd.geo+json\",\"downloadURL\":\"http://data-atgis.opendata.arcgis.com/datasets/d43c489e7027489b88bcdedffc3be6c6_1.geojson\"},{\"@type\":\"dcat:Distribution\",\"title\":\"CSV\",\"format\":\"CSV\",\"mediaType\":\"text/csv\",\"downloadURL\":\"http://data-atgis.opendata.arcgis.com/datasets/d43c489e7027489b88bcdedffc3be6c6_1.csv\"},{\"@type\":\"dcat:Distribution\",\"title\":\"KML\",\"format\":\"KML\",\"mediaType\":\"application/vnd.google-earth.kml+xml\",\"downloadURL\":\"http://data-atgis.opendata.arcgis.com/datasets/d43c489e7027489b88bcdedffc3be6c6_1.kml\"},{\"@type\":\"dcat:Distribution\",\"title\":\"Shapefile\",\"format\":\"ZIP\",\"mediaType\":\"application/zip\",\"downloadURL\":\"http://data-atgis.opendata.arcgis.com/datasets/d43c489e7027489b88bcdedffc3be6c6_1.zip\"}],\"landingPage\":\"http://data-atgis.opendata.arcgis.com/datasets/d43c489e7027489b88bcdedffc3be6c6_1\",\"webService\":\"https://services2.arcgis.com/JkPEgZJGxhSjYOo0/arcgis/rest/services/RoadingService/FeatureServer/1\",\"license\":\"https://hub.arcgis.com/api/v2/datasets/d43c489e7027489b88bcdedffc3be6c6_1/license\",\"spatial\":\"-176.3683496278574,-84.62177073947112,175.52532623894294,-36.114292587936966\",\"theme\":[\"geospatial\"]},{\"@type\":\"dcat:Dataset\",\"identifier\":\"http://data-atgis.opendata.arcgis.com/datasets/d43c489e7027489b88bcdedffc3be6c6_3\",\"title\":\"Speed Limits\",\"description\":\"Auckland Transport (AT) is responsible for maintaining roading signs across the Auckland Region. We have contractors that create and update sign information via AT’s Asset Management Database (RAMM). This layer is refreshed weekly.\",\"keyword\":[\"Auckland Transport\",\"Open Data\",\"Roading\",\"Signs\",\"Bridges\",\"Controlled Interstections\",\"Speed Limits\"],\"issued\":\"2018-04-19T00:20:52.000Z\",\"modified\":\"2018-10-28T20:52:20.040Z\",\"publisher\":{\"name\":\"Auckland Transport\"},\"contactPoint\":{\"@type\":\"vcard:Contact\",\"fn\":\"Susan Jones\",\"hasEmail\":\"mailto:\"},\"accessLevel\":\"public\",\"distribution\":[{\"@type\":\"dcat:Distribution\",\"title\":\"ArcGIS Open Dataset\",\"format\":\"Web page\",\"mediaType\":\"text/html\",\"accessURL\":\"http://data-atgis.opendata.arcgis.com/datasets/d43c489e7027489b88bcdedffc3be6c6_3\"},{\"@type\":\"dcat:Distribution\",\"title\":\"Esri Rest API\",\"format\":\"Esri REST\",\"mediaType\":\"application/json\",\"accessURL\":\"https://services2.arcgis.com/JkPEgZJGxhSjYOo0/arcgis/rest/services/RoadingService/FeatureServer/3\"},{\"@type\":\"dcat:Distribution\",\"title\":\"GeoJSON\",\"format\":\"GeoJSON\",\"mediaType\":\"application/vnd.geo+json\",\"downloadURL\":\"http://data-atgis.opendata.arcgis.com/datasets/d43c489e7027489b88bcdedffc3be6c6_3.geojson\"},{\"@type\":\"dcat:Distribution\",\"title\":\"CSV\",\"format\":\"CSV\",\"mediaType\":\"text/csv\",\"downloadURL\":\"http://data-atgis.opendata.arcgis.com/datasets/d43c489e7027489b88bcdedffc3be6c6_3.csv\"},{\"@type\":\"dcat:Distribution\",\"title\":\"KML\",\"format\":\"KML\",\"mediaType\":\"application/vnd.google-earth.kml+xml\",\"downloadURL\":\"http://data-atgis.opendata.arcgis.com/datasets/d43c489e7027489b88bcdedffc3be6c6_3.kml\"},{\"@type\":\"dcat:Distribution\",\"title\":\"Shapefile\",\"format\":\"ZIP\",\"mediaType\":\"application/zip\",\"downloadURL\":\"http://data-atgis.opendata.arcgis.com/datasets/d43c489e7027489b88bcdedffc3be6c6_3.zip\"}],\"landingPage\":\"http://data-atgis.opendata.arcgis.com/datasets/d43c489e7027489b88bcdedffc3be6c6_3\",\"webService\":\"https://services2.arcgis.com/JkPEgZJGxhSjYOo0/arcgis/rest/services/RoadingService/FeatureServer/3\",\"license\":\"https://hub.arcgis.com/api/v2/datasets/d43c489e7027489b88bcdedffc3be6c6_3/license\",\"spatial\":\"-176.3683496278574,-84.62177073947112,175.52532623894294,-36.114292587936966\",\"theme\":[\"geospatial\"]},{\"@type\":\"dcat:Dataset\",\"identifier\":\"http://data-atgis.opendata.arcgis.com/datasets/d43c489e7027489b88bcdedffc3be6c6_0\",\"title\":\"Signs\",\"description\":\"Auckland Transport (AT) is responsible for maintaining roading signs across the Auckland Region. We have contractors that create and update sign information via AT’s Asset Management Database (RAMM). This layer is refreshed weekly.\",\"keyword\":[\"Auckland Transport\",\"Open Data\",\"Roading\",\"Signs\",\"Bridges\",\"Controlled Interstections\",\"Speed Limits\"],\"issued\":\"2018-04-19T00:20:52.000Z\",\"modified\":\"2018-10-28T20:51:53.500Z\",\"publisher\":{\"name\":\"Auckland Transport\"},\"contactPoint\":{\"@type\":\"vcard:Contact\",\"fn\":\"Susan Jones\",\"hasEmail\":\"mailto:\"},\"accessLevel\":\"public\",\"distribution\":[{\"@type\":\"dcat:Distribution\",\"title\":\"ArcGIS Open Dataset\",\"format\":\"Web page\",\"mediaType\":\"text/html\",\"accessURL\":\"http://data-atgis.opendata.arcgis.com/datasets/d43c489e7027489b88bcdedffc3be6c6_0\"},{\"@type\":\"dcat:Distribution\",\"title\":\"Esri Rest API\",\"format\":\"Esri REST\",\"mediaType\":\"application/json\",\"accessURL\":\"https://services2.arcgis.com/JkPEgZJGxhSjYOo0/arcgis/rest/services/RoadingService/FeatureServer/0\"},{\"@type\":\"dcat:Distribution\",\"title\":\"GeoJSON\",\"format\":\"GeoJSON\",\"mediaType\":\"application/vnd.geo+json\",\"downloadURL\":\"http://data-atgis.opendata.arcgis.com/datasets/d43c489e7027489b88bcdedffc3be6c6_0.geojson\"},{\"@type\":\"dcat:Distribution\",\"title\":\"CSV\",\"format\":\"CSV\",\"mediaType\":\"text/csv\",\"downloadURL\":\"http://data-atgis.opendata.arcgis.com/datasets/d43c489e7027489b88bcdedffc3be6c6_0.csv\"},{\"@type\":\"dcat:Distribution\",\"title\":\"KML\",\"format\":\"KML\",\"mediaType\":\"application/vnd.google-earth.kml+xml\",\"downloadURL\":\"http://data-atgis.opendata.arcgis.com/datasets/d43c489e7027489b88bcdedffc3be6c6_0.kml\"},{\"@type\":\"dcat:Distribution\",\"title\":\"Shapefile\",\"format\":\"ZIP\",\"mediaType\":\"application/zip\",\"downloadURL\":\"http://data-atgis.opendata.arcgis.com/datasets/d43c489e7027489b88bcdedffc3be6c6_0.zip\"}],\"landingPage\":\"http://data-atgis.opendata.arcgis.com/datasets/d43c489e7027489b88bcdedffc3be6c6_0\",\"webService\":\"https://services2.arcgis.com/JkPEgZJGxhSjYOo0/arcgis/rest/services/RoadingService/FeatureServer/0\",\"license\":\"https://hub.arcgis.com/api/v2/datasets/d43c489e7027489b88bcdedffc3be6c6_0/license\",\"spatial\":\"-176.3683496278574,-84.62177073947112,175.52532623894294,-36.114292587936966\",\"theme\":[\"geospatial\"]},{\"@type\":\"dcat:Dataset\",\"identifier\":\"http://data-atgis.opendata.arcgis.com/datasets/a9ca449d672d49d0bda71352b5c6fa64_3\",\"title\":\"50 Max Restricted\",\"description\":\"This data is obtained from our Asset Inventory Database and is refreshed weekly.\\n\\nPlease note that while all due care has been taken in the preparation and provision of this service, Auckland Transport (AT) does not give any warranty that the information contained is accurate and accepts no liability whatsoever for any loss or damage arising from the use of the data.\\n\\nUsers of this data should apply and rely upon their own skill and judgement when using the information, and consider the consequences arising from its use.\\n\\nThis data should not be used in isolation from other sources of advice and information.\",\"keyword\":[\"OWOD\",\"   Open Data\",\"   Freight Network\",\"   Overweight\",\"   Overdimension\"],\"issued\":\"2017-01-26T00:23:18.000Z\",\"modified\":\"2019-03-22T22:37:49.970Z\",\"publisher\":{\"name\":\"Auckland Transport\"},\"contactPoint\":{\"@type\":\"vcard:Contact\",\"fn\":\"Susan Jones\",\"hasEmail\":\"mailto:\"},\"accessLevel\":\"public\",\"distribution\":[{\"@type\":\"dcat:Distribution\",\"title\":\"ArcGIS Open Dataset\",\"format\":\"Web page\",\"mediaType\":\"text/html\",\"accessURL\":\"http://data-atgis.opendata.arcgis.com/datasets/a9ca449d672d49d0bda71352b5c6fa64_3\"},{\"@type\":\"dcat:Distribution\",\"title\":\"Esri Rest API\",\"format\":\"Esri REST\",\"mediaType\":\"application/json\",\"accessURL\":\"https://services2.arcgis.com/JkPEgZJGxhSjYOo0/arcgis/rest/services/OWODRoutes/FeatureServer/3\"},{\"@type\":\"dcat:Distribution\",\"title\":\"GeoJSON\",\"format\":\"GeoJSON\",\"mediaType\":\"application/vnd.geo+json\",\"downloadURL\":\"http://data-atgis.opendata.arcgis.com/datasets/a9ca449d672d49d0bda71352b5c6fa64_3.geojson\"},{\"@type\":\"dcat:Distribution\",\"title\":\"CSV\",\"format\":\"CSV\",\"mediaType\":\"text/csv\",\"downloadURL\":\"http://data-atgis.opendata.arcgis.com/datasets/a9ca449d672d49d0bda71352b5c6fa64_3.csv\"},{\"@type\":\"dcat:Distribution\",\"title\":\"KML\",\"format\":\"KML\",\"mediaType\":\"application/vnd.google-earth.kml+xml\",\"downloadURL\":\"http://data-atgis.opendata.arcgis.com/datasets/a9ca449d672d49d0bda71352b5c6fa64_3.kml\"},{\"@type\":\"dcat:Distribution\",\"title\":\"Shapefile\",\"format\":\"ZIP\",\"mediaType\":\"application/zip\",\"downloadURL\":\"http://data-atgis.opendata.arcgis.com/datasets/a9ca449d672d49d0bda71352b5c6fa64_3.zip\"}],\"landingPage\":\"http://data-atgis.opendata.arcgis.com/datasets/a9ca449d672d49d0bda71352b5c6fa64_3\",\"webService\":\"https://services2.arcgis.com/JkPEgZJGxhSjYOo0/arcgis/rest/services/OWODRoutes/FeatureServer/3\",\"license\":\"https://hub.arcgis.com/api/v2/datasets/a9ca449d672d49d0bda71352b5c6fa64_3/license\",\"spatial\":\"174.44570908961305,-37.27191951479285,175.14944229677283,-36.24703304148162\",\"theme\":[\"geospatial\"]},{\"@type\":\"dcat:Dataset\",\"identifier\":\"http://data-atgis.opendata.arcgis.com/datasets/a9ca449d672d49d0bda71352b5c6fa64_2\",\"title\":\"HPMV Detour\",\"description\":\"This data is obtained from our Asset Inventory Database and is refreshed weekly.\\n\\nPlease note that while all due care has been taken in the preparation and provision of this service, Auckland Transport (AT) does not give any warranty that the information contained is accurate and accepts no liability whatsoever for any loss or damage arising from the use of the data.\\n\\nUsers of this data should apply and rely upon their own skill and judgement when using the information, and consider the consequences arising from its use.\\n\\nThis data should not be used in isolation from other sources of advice and information.\",\"keyword\":[\"OWOD\",\"   Open Data\",\"   Freight Network\",\"   Overweight\",\"   Overdimension\"],\"issued\":\"2017-01-26T00:23:18.000Z\",\"modified\":\"2018-10-28T20:35:14.960Z\",\"publisher\":{\"name\":\"Auckland Transport\"},\"contactPoint\":{\"@type\":\"vcard:Contact\",\"fn\":\"Susan Jones\",\"hasEmail\":\"mailto:\"},\"accessLevel\":\"public\",\"distribution\":[{\"@type\":\"dcat:Distribution\",\"title\":\"ArcGIS Open Dataset\",\"format\":\"Web page\",\"mediaType\":\"text/html\",\"accessURL\":\"http://data-atgis.opendata.arcgis.com/datasets/a9ca449d672d49d0bda71352b5c6fa64_2\"},{\"@type\":\"dcat:Distribution\",\"title\":\"Esri Rest API\",\"format\":\"Esri REST\",\"mediaType\":\"application/json\",\"accessURL\":\"https://services2.arcgis.com/JkPEgZJGxhSjYOo0/arcgis/rest/services/OWODRoutes/FeatureServer/2\"},{\"@type\":\"dcat:Distribution\",\"title\":\"GeoJSON\",\"format\":\"GeoJSON\",\"mediaType\":\"application/vnd.geo+json\",\"downloadURL\":\"http://data-atgis.opendata.arcgis.com/datasets/a9ca449d672d49d0bda71352b5c6fa64_2.geojson\"},{\"@type\":\"dcat:Distribution\",\"title\":\"CSV\",\"format\":\"CSV\",\"mediaType\":\"text/csv\",\"downloadURL\":\"http://data-atgis.opendata.arcgis.com/datasets/a9ca449d672d49d0bda71352b5c6fa64_2.csv\"},{\"@type\":\"dcat:Distribution\",\"title\":\"KML\",\"format\":\"KML\",\"mediaType\":\"application/vnd.google-earth.kml+xml\",\"downloadURL\":\"http://data-atgis.opendata.arcgis.com/datasets/a9ca449d672d49d0bda71352b5c6fa64_2.kml\"},{\"@type\":\"dcat:Distribution\",\"title\":\"Shapefile\",\"format\":\"ZIP\",\"mediaType\":\"application/zip\",\"downloadURL\":\"http://data-atgis.opendata.arcgis.com/datasets/a9ca449d672d49d0bda71352b5c6fa64_2.zip\"}],\"landingPage\":\"http://data-atgis.opendata.arcgis.com/datasets/a9ca449d672d49d0bda71352b5c6fa64_2\",\"webService\":\"https://services2.arcgis.com/JkPEgZJGxhSjYOo0/arcgis/rest/services/OWODRoutes/FeatureServer/2\",\"license\":\"https://hub.arcgis.com/api/v2/datasets/a9ca449d672d49d0bda71352b5c6fa64_2/license\",\"spatial\":\"174.44570908961305,-37.27191951479285,175.14944229677283,-36.24703304148162\",\"theme\":[\"geospatial\"]},{\"@type\":\"dcat:Dataset\",\"identifier\":\"http://data-atgis.opendata.arcgis.com/datasets/a9ca449d672d49d0bda71352b5c6fa64_1\",\"title\":\"Overweight Route\",\"description\":\"This data is obtained from our Asset Inventory Database and is refreshed weekly.\\n\\nPlease note that while all due care has been taken in the preparation and provision of this service, Auckland Transport (AT) does not give any warranty that the information contained is accurate and accepts no liability whatsoever for any loss or damage arising from the use of the data.\\n\\nUsers of this data should apply and rely upon their own skill and judgement when using the information, and consider the consequences arising from its use.\\n\\nThis data should not be used in isolation from other sources of advice and information.\",\"keyword\":[\"OWOD\",\"   Open Data\",\"   Freight Network\",\"   Overweight\",\"   Overdimension\"],\"issued\":\"2017-01-26T00:23:18.000Z\",\"modified\":\"2018-10-28T20:35:06.848Z\",\"publisher\":{\"name\":\"Auckland Transport\"},\"contactPoint\":{\"@type\":\"vcard:Contact\",\"fn\":\"Susan Jones\",\"hasEmail\":\"mailto:\"},\"accessLevel\":\"public\",\"distribution\":[{\"@type\":\"dcat:Distribution\",\"title\":\"ArcGIS Open Dataset\",\"format\":\"Web page\",\"mediaType\":\"text/html\",\"accessURL\":\"http://data-atgis.opendata.arcgis.com/datasets/a9ca449d672d49d0bda71352b5c6fa64_1\"},{\"@type\":\"dcat:Distribution\",\"title\":\"Esri Rest API\",\"format\":\"Esri REST\",\"mediaType\":\"application/json\",\"accessURL\":\"https://services2.arcgis.com/JkPEgZJGxhSjYOo0/arcgis/rest/services/OWODRoutes/FeatureServer/1\"},{\"@type\":\"dcat:Distribution\",\"title\":\"GeoJSON\",\"format\":\"GeoJSON\",\"mediaType\":\"application/vnd.geo+json\",\"downloadURL\":\"http://data-atgis.opendata.arcgis.com/datasets/a9ca449d672d49d0bda71352b5c6fa64_1.geojson\"},{\"@type\":\"dcat:Distribution\",\"title\":\"CSV\",\"format\":\"CSV\",\"mediaType\":\"text/csv\",\"downloadURL\":\"http://data-atgis.opendata.arcgis.com/datasets/a9ca449d672d49d0bda71352b5c6fa64_1.csv\"},{\"@type\":\"dcat:Distribution\",\"title\":\"KML\",\"format\":\"KML\",\"mediaType\":\"application/vnd.google-earth.kml+xml\",\"downloadURL\":\"http://data-atgis.opendata.arcgis.com/datasets/a9ca449d672d49d0bda71352b5c6fa64_1.kml\"},{\"@type\":\"dcat:Distribution\",\"title\":\"Shapefile\",\"format\":\"ZIP\",\"mediaType\":\"application/zip\",\"downloadURL\":\"http://data-atgis.opendata.arcgis.com/datasets/a9ca449d672d49d0bda71352b5c6fa64_1.zip\"}],\"landingPage\":\"http://data-atgis.opendata.arcgis.com/datasets/a9ca449d672d49d0bda71352b5c6fa64_1\",\"webService\":\"https://services2.arcgis.com/JkPEgZJGxhSjYOo0/arcgis/rest/services/OWODRoutes/FeatureServer/1\",\"license\":\"https://hub.arcgis.com/api/v2/datasets/a9ca449d672d49d0bda71352b5c6fa64_1/license\",\"spatial\":\"174.44570908961305,-37.27191951479285,175.14944229677283,-36.24703304148162\",\"theme\":[\"geospatial\"]},{\"@type\":\"dcat:Dataset\",\"identifier\":\"http://data-atgis.opendata.arcgis.com/datasets/a9ca449d672d49d0bda71352b5c6fa64_4\",\"title\":\"Height Restrictions\",\"description\":\"This data is obtained from our Asset Inventory Database and is refreshed weekly.\\n\\nPlease note that while all due care has been taken in the preparation and provision of this service, Auckland Transport (AT) does not give any warranty that the information contained is accurate and accepts no liability whatsoever for any loss or damage arising from the use of the data.\\n\\nUsers of this data should apply and rely upon their own skill and judgement when using the information, and consider the consequences arising from its use.\\n\\nThis data should not be used in isolation from other sources of advice and information.\",\"keyword\":[\"OWOD\",\"   Open Data\",\"   Freight Network\",\"   Overweight\",\"   Overdimension\"],\"issued\":\"2017-01-26T00:23:18.000Z\",\"modified\":\"2018-10-28T20:35:03.176Z\",\"publisher\":{\"name\":\"Auckland Transport\"},\"contactPoint\":{\"@type\":\"vcard:Contact\",\"fn\":\"Susan Jones\",\"hasEmail\":\"mailto:\"},\"accessLevel\":\"public\",\"distribution\":[{\"@type\":\"dcat:Distribution\",\"title\":\"ArcGIS Open Dataset\",\"format\":\"Web page\",\"mediaType\":\"text/html\",\"accessURL\":\"http://data-atgis.opendata.arcgis.com/datasets/a9ca449d672d49d0bda71352b5c6fa64_4\"},{\"@type\":\"dcat:Distribution\",\"title\":\"Esri Rest API\",\"format\":\"Esri REST\",\"mediaType\":\"application/json\",\"accessURL\":\"https://services2.arcgis.com/JkPEgZJGxhSjYOo0/arcgis/rest/services/OWODRoutes/FeatureServer/4\"},{\"@type\":\"dcat:Distribution\",\"title\":\"GeoJSON\",\"format\":\"GeoJSON\",\"mediaType\":\"application/vnd.geo+json\",\"downloadURL\":\"http://data-atgis.opendata.arcgis.com/datasets/a9ca449d672d49d0bda71352b5c6fa64_4.geojson\"},{\"@type\":\"dcat:Distribution\",\"title\":\"CSV\",\"format\":\"CSV\",\"mediaType\":\"text/csv\",\"downloadURL\":\"http://data-atgis.opendata.arcgis.com/datasets/a9ca449d672d49d0bda71352b5c6fa64_4.csv\"},{\"@type\":\"dcat:Distribution\",\"title\":\"KML\",\"format\":\"KML\",\"mediaType\":\"application/vnd.google-earth.kml+xml\",\"downloadURL\":\"http://data-atgis.opendata.arcgis.com/datasets/a9ca449d672d49d0bda71352b5c6fa64_4.kml\"},{\"@type\":\"dcat:Distribution\",\"title\":\"Shapefile\",\"format\":\"ZIP\",\"mediaType\":\"application/zip\",\"downloadURL\":\"http://data-atgis.opendata.arcgis.com/datasets/a9ca449d672d49d0bda71352b5c6fa64_4.zip\"}],\"landingPage\":\"http://data-atgis.opendata.arcgis.com/datasets/a9ca449d672d49d0bda71352b5c6fa64_4\",\"webService\":\"https://services2.arcgis.com/JkPEgZJGxhSjYOo0/arcgis/rest/services/OWODRoutes/FeatureServer/4\",\"license\":\"https://hub.arcgis.com/api/v2/datasets/a9ca449d672d49d0bda71352b5c6fa64_4/license\",\"spatial\":\"174.44570908961305,-37.27191951479285,175.14944229677283,-36.24703304148162\",\"theme\":[\"geospatial\"]},{\"@type\":\"dcat:Dataset\",\"identifier\":\"http://data-atgis.opendata.arcgis.com/datasets/a9ca449d672d49d0bda71352b5c6fa64_0\",\"title\":\"Overdimension Route\",\"description\":\"This data is obtained from our Asset Inventory Database and is refreshed weekly.\\n\\nPlease note that while all due care has been taken in the preparation and provision of this service, Auckland Transport (AT) does not give any warranty that the information contained is accurate and accepts no liability whatsoever for any loss or damage arising from the use of the data.\\n\\nUsers of this data should apply and rely upon their own skill and judgement when using the information, and consider the consequences arising from its use.\\n\\nThis data should not be used in isolation from other sources of advice and information.\",\"keyword\":[\"OWOD\",\"   Open Data\",\"   Freight Network\",\"   Overweight\",\"   Overdimension\"],\"issued\":\"2017-01-26T00:23:18.000Z\",\"modified\":\"2018-10-28T20:35:01.155Z\",\"publisher\":{\"name\":\"Auckland Transport\"},\"contactPoint\":{\"@type\":\"vcard:Contact\",\"fn\":\"Susan Jones\",\"hasEmail\":\"mailto:\"},\"accessLevel\":\"public\",\"distribution\":[{\"@type\":\"dcat:Distribution\",\"title\":\"ArcGIS Open Dataset\",\"format\":\"Web page\",\"mediaType\":\"text/html\",\"accessURL\":\"http://data-atgis.opendata.arcgis.com/datasets/a9ca449d672d49d0bda71352b5c6fa64_0\"},{\"@type\":\"dcat:Distribution\",\"title\":\"Esri Rest API\",\"format\":\"Esri REST\",\"mediaType\":\"application/json\",\"accessURL\":\"https://services2.arcgis.com/JkPEgZJGxhSjYOo0/arcgis/rest/services/OWODRoutes/FeatureServer/0\"},{\"@type\":\"dcat:Distribution\",\"title\":\"GeoJSON\",\"format\":\"GeoJSON\",\"mediaType\":\"application/vnd.geo+json\",\"downloadURL\":\"http://data-atgis.opendata.arcgis.com/datasets/a9ca449d672d49d0bda71352b5c6fa64_0.geojson\"},{\"@type\":\"dcat:Distribution\",\"title\":\"CSV\",\"format\":\"CSV\",\"mediaType\":\"text/csv\",\"downloadURL\":\"http://data-atgis.opendata.arcgis.com/datasets/a9ca449d672d49d0bda71352b5c6fa64_0.csv\"},{\"@type\":\"dcat:Distribution\",\"title\":\"KML\",\"format\":\"KML\",\"mediaType\":\"application/vnd.google-earth.kml+xml\",\"downloadURL\":\"http://data-atgis.opendata.arcgis.com/datasets/a9ca449d672d49d0bda71352b5c6fa64_0.kml\"},{\"@type\":\"dcat:Distribution\",\"title\":\"Shapefile\",\"format\":\"ZIP\",\"mediaType\":\"application/zip\",\"downloadURL\":\"http://data-atgis.opendata.arcgis.com/datasets/a9ca449d672d49d0bda71352b5c6fa64_0.zip\"}],\"landingPage\":\"http://data-atgis.opendata.arcgis.com/datasets/a9ca449d672d49d0bda71352b5c6fa64_0\",\"webService\":\"https://services2.arcgis.com/JkPEgZJGxhSjYOo0/arcgis/rest/services/OWODRoutes/FeatureServer/0\",\"license\":\"https://hub.arcgis.com/api/v2/datasets/a9ca449d672d49d0bda71352b5c6fa64_0/license\",\"spatial\":\"174.44570908961305,-37.27191951479285,175.14944229677283,-36.24703304148162\",\"theme\":[\"geospatial\"]},{\"@type\":\"dcat:Dataset\",\"identifier\":\"http://data-atgis.opendata.arcgis.com/datasets/a9ca449d672d49d0bda71352b5c6fa64_5\",\"title\":\"Tunnel Restrictions\",\"description\":\"This data is obtained from our Asset Inventory Database and is refreshed weekly.\\n\\nPlease note that while all due care has been taken in the preparation and provision of this service, Auckland Transport (AT) does not give any warranty that the information contained is accurate and accepts no liability whatsoever for any loss or damage arising from the use of the data.\\n\\nUsers of this data should apply and rely upon their own skill and judgement when using the information, and consider the consequences arising from its use.\\n\\nThis data should not be used in isolation from other sources of advice and information.\",\"keyword\":[\"OWOD\",\"   Open Data\",\"   Freight Network\",\"   Overweight\",\"   Overdimension\"],\"issued\":\"2017-01-26T00:23:18.000Z\",\"modified\":\"2018-10-28T20:34:55.988Z\",\"publisher\":{\"name\":\"Auckland Transport\"},\"contactPoint\":{\"@type\":\"vcard:Contact\",\"fn\":\"Susan Jones\",\"hasEmail\":\"mailto:\"},\"accessLevel\":\"public\",\"distribution\":[{\"@type\":\"dcat:Distribution\",\"title\":\"ArcGIS Open Dataset\",\"format\":\"Web page\",\"mediaType\":\"text/html\",\"accessURL\":\"http://data-atgis.opendata.arcgis.com/datasets/a9ca449d672d49d0bda71352b5c6fa64_5\"},{\"@type\":\"dcat:Distribution\",\"title\":\"Esri Rest API\",\"format\":\"Esri REST\",\"mediaType\":\"application/json\",\"accessURL\":\"https://services2.arcgis.com/JkPEgZJGxhSjYOo0/arcgis/rest/services/OWODRoutes/FeatureServer/5\"},{\"@type\":\"dcat:Distribution\",\"title\":\"GeoJSON\",\"format\":\"GeoJSON\",\"mediaType\":\"application/vnd.geo+json\",\"downloadURL\":\"http://data-atgis.opendata.arcgis.com/datasets/a9ca449d672d49d0bda71352b5c6fa64_5.geojson\"},{\"@type\":\"dcat:Distribution\",\"title\":\"CSV\",\"format\":\"CSV\",\"mediaType\":\"text/csv\",\"downloadURL\":\"http://data-atgis.opendata.arcgis.com/datasets/a9ca449d672d49d0bda71352b5c6fa64_5.csv\"},{\"@type\":\"dcat:Distribution\",\"title\":\"KML\",\"format\":\"KML\",\"mediaType\":\"application/vnd.google-earth.kml+xml\",\"downloadURL\":\"http://data-atgis.opendata.arcgis.com/datasets/a9ca449d672d49d0bda71352b5c6fa64_5.kml\"},{\"@type\":\"dcat:Distribution\",\"title\":\"Shapefile\",\"format\":\"ZIP\",\"mediaType\":\"application/zip\",\"downloadURL\":\"http://data-atgis.opendata.arcgis.com/datasets/a9ca449d672d49d0bda71352b5c6fa64_5.zip\"}],\"landingPage\":\"http://data-atgis.opendata.arcgis.com/datasets/a9ca449d672d49d0bda71352b5c6fa64_5\",\"webService\":\"https://services2.arcgis.com/JkPEgZJGxhSjYOo0/arcgis/rest/services/OWODRoutes/FeatureServer/5\",\"license\":\"https://hub.arcgis.com/api/v2/datasets/a9ca449d672d49d0bda71352b5c6fa64_5/license\",\"spatial\":\"174.44570908961305,-37.27191951479285,175.14944229677283,-36.24703304148162\",\"theme\":[\"geospatial\"]},{\"@type\":\"dcat:Dataset\",\"identifier\":\"http://data-atgis.opendata.arcgis.com/datasets/c82756c875ff4e9fad0bc7a9f97ef7a8_1\",\"title\":\"Train Route\",\"description\":\"Service provides layers for existing stops and scheduled routes for trains as sourced from IVU GTFS data. IVU holds data relating to AT public transport operations only so does not necessarily reflect all stops across the Auckland region (e.g. train lines where AT do not run services such as Helensville to Wellsford do not appear in this dataset).\",\"keyword\":[\"Train\",\"  Stop\",\"  Route\",\"  Public Transport\"],\"issued\":\"2016-12-08T04:10:41.000Z\",\"modified\":\"2018-10-28T20:14:55.545Z\",\"publisher\":{\"name\":\"Auckland Transport\"},\"contactPoint\":{\"@type\":\"vcard:Contact\",\"fn\":\"Susan Jones\",\"hasEmail\":\"mailto:\"},\"accessLevel\":\"public\",\"distribution\":[{\"@type\":\"dcat:Distribution\",\"title\":\"ArcGIS Open Dataset\",\"format\":\"Web page\",\"mediaType\":\"text/html\",\"accessURL\":\"http://data-atgis.opendata.arcgis.com/datasets/c82756c875ff4e9fad0bc7a9f97ef7a8_1\"},{\"@type\":\"dcat:Distribution\",\"title\":\"Esri Rest API\",\"format\":\"Esri REST\",\"mediaType\":\"application/json\",\"accessURL\":\"https://services2.arcgis.com/JkPEgZJGxhSjYOo0/arcgis/rest/services/TrainService/FeatureServer/1\"},{\"@type\":\"dcat:Distribution\",\"title\":\"GeoJSON\",\"format\":\"GeoJSON\",\"mediaType\":\"application/vnd.geo+json\",\"downloadURL\":\"http://data-atgis.opendata.arcgis.com/datasets/c82756c875ff4e9fad0bc7a9f97ef7a8_1.geojson\"},{\"@type\":\"dcat:Distribution\",\"title\":\"CSV\",\"format\":\"CSV\",\"mediaType\":\"text/csv\",\"downloadURL\":\"http://data-atgis.opendata.arcgis.com/datasets/c82756c875ff4e9fad0bc7a9f97ef7a8_1.csv\"},{\"@type\":\"dcat:Distribution\",\"title\":\"KML\",\"format\":\"KML\",\"mediaType\":\"application/vnd.google-earth.kml+xml\",\"downloadURL\":\"http://data-atgis.opendata.arcgis.com/datasets/c82756c875ff4e9fad0bc7a9f97ef7a8_1.kml\"},{\"@type\":\"dcat:Distribution\",\"title\":\"Shapefile\",\"format\":\"ZIP\",\"mediaType\":\"application/zip\",\"downloadURL\":\"http://data-atgis.opendata.arcgis.com/datasets/c82756c875ff4e9fad0bc7a9f97ef7a8_1.zip\"}],\"landingPage\":\"http://data-atgis.opendata.arcgis.com/datasets/c82756c875ff4e9fad0bc7a9f97ef7a8_1\",\"webService\":\"https://services2.arcgis.com/JkPEgZJGxhSjYOo0/arcgis/rest/services/TrainService/FeatureServer/1\",\"license\":\"https://hub.arcgis.com/api/v2/datasets/c82756c875ff4e9fad0bc7a9f97ef7a8_1/license\",\"spatial\":\"174.44226615530886,-37.40214298860863,175.09039582979773,-36.53601247174115\",\"theme\":[\"geospatial\"]},{\"@type\":\"dcat:Dataset\",\"identifier\":\"http://data-atgis.opendata.arcgis.com/datasets/c82756c875ff4e9fad0bc7a9f97ef7a8_0\",\"title\":\"Train Station\",\"description\":\"Service provides layers for existing stops and scheduled routes for trains as sourced from IVU GTFS data. IVU holds data relating to AT public transport operations only so does not necessarily reflect all stops across the Auckland region (e.g. train lines where AT do not run services such as Helensville to Wellsford do not appear in this dataset).\",\"keyword\":[\"Train\",\"  Stop\",\"  Route\",\"  Public Transport\"],\"issued\":\"2016-12-08T04:10:41.000Z\",\"modified\":\"2018-10-28T20:14:34.223Z\",\"publisher\":{\"name\":\"Auckland Transport\"},\"contactPoint\":{\"@type\":\"vcard:Contact\",\"fn\":\"Susan Jones\",\"hasEmail\":\"mailto:\"},\"accessLevel\":\"public\",\"distribution\":[{\"@type\":\"dcat:Distribution\",\"title\":\"ArcGIS Open Dataset\",\"format\":\"Web page\",\"mediaType\":\"text/html\",\"accessURL\":\"http://data-atgis.opendata.arcgis.com/datasets/c82756c875ff4e9fad0bc7a9f97ef7a8_0\"},{\"@type\":\"dcat:Distribution\",\"title\":\"Esri Rest API\",\"format\":\"Esri REST\",\"mediaType\":\"application/json\",\"accessURL\":\"https://services2.arcgis.com/JkPEgZJGxhSjYOo0/arcgis/rest/services/TrainService/FeatureServer/0\"},{\"@type\":\"dcat:Distribution\",\"title\":\"GeoJSON\",\"format\":\"GeoJSON\",\"mediaType\":\"application/vnd.geo+json\",\"downloadURL\":\"http://data-atgis.opendata.arcgis.com/datasets/c82756c875ff4e9fad0bc7a9f97ef7a8_0.geojson\"},{\"@type\":\"dcat:Distribution\",\"title\":\"CSV\",\"format\":\"CSV\",\"mediaType\":\"text/csv\",\"downloadURL\":\"http://data-atgis.opendata.arcgis.com/datasets/c82756c875ff4e9fad0bc7a9f97ef7a8_0.csv\"},{\"@type\":\"dcat:Distribution\",\"title\":\"KML\",\"format\":\"KML\",\"mediaType\":\"application/vnd.google-earth.kml+xml\",\"downloadURL\":\"http://data-atgis.opendata.arcgis.com/datasets/c82756c875ff4e9fad0bc7a9f97ef7a8_0.kml\"},{\"@type\":\"dcat:Distribution\",\"title\":\"Shapefile\",\"format\":\"ZIP\",\"mediaType\":\"application/zip\",\"downloadURL\":\"http://data-atgis.opendata.arcgis.com/datasets/c82756c875ff4e9fad0bc7a9f97ef7a8_0.zip\"}],\"landingPage\":\"http://data-atgis.opendata.arcgis.com/datasets/c82756c875ff4e9fad0bc7a9f97ef7a8_0\",\"webService\":\"https://services2.arcgis.com/JkPEgZJGxhSjYOo0/arcgis/rest/services/TrainService/FeatureServer/0\",\"license\":\"https://hub.arcgis.com/api/v2/datasets/c82756c875ff4e9fad0bc7a9f97ef7a8_0/license\",\"spatial\":\"174.44226615530886,-37.40214298860863,175.09039582979773,-36.53601247174115\",\"theme\":[\"geospatial\"]},{\"@type\":\"dcat:Dataset\",\"identifier\":\"http://data-atgis.opendata.arcgis.com/datasets/75bbb3afce054ee9a2826fd89c18e4bf_0\",\"title\":\"Cycle Facility Network\",\"description\":\"The Auckland Cycle Network (ACN) provides a plan for the development of and investment in a comprehensive cycle network for the region.\\n\\nThe ACN has been divided into three categories reflecting their function. This three-layered approach will provide a quality, robust and connected network that will make cycling a more attractive and feasible everyday transport option for all. They are:\\n\\nCycle Metros – Provide regional links connecting metropolitan centres, public transport interchanges and other key regional destinations. They provide the highest level of service. Many of these routes are along motorway corridors or rail corridors.\\n\\nCycle Connectors – Provide links to the cycle metros and key local destinations (e.g. public transport interchanges, town centres, residential areas, schools). They are often along arterial roads and some are along collector roads.\\n\\nCycle Feeders – Provide neighbourhood access and links to the cycle connectors and cycle metros, key community facilities, schools, parks and reserves, and local services. The feeder network often aligns with the local board’s greenways.\\n\\nThe agreed network will be built by Auckland Transport (AT), Auckland Council (AC), NZ Transport Agency (NZTA) and others.\\n\\nThe ACN is regularly maintained by the Auckland Transport Walking and Cycling team. Brian Horspool (Walking and Cycling) is the business owner for this dataset.\\n\",\"keyword\":[\"Cycling\",\" Route\",\" Public Transport\"],\"issued\":\"2017-11-07T19:13:00.000Z\",\"modified\":\"2018-10-28T20:14:15.043Z\",\"publisher\":{\"name\":\"Auckland Transport\"},\"contactPoint\":{\"@type\":\"vcard:Contact\",\"fn\":\"Susan Jones\",\"hasEmail\":\"mailto:\"},\"accessLevel\":\"public\",\"distribution\":[{\"@type\":\"dcat:Distribution\",\"title\":\"ArcGIS Open Dataset\",\"format\":\"Web page\",\"mediaType\":\"text/html\",\"accessURL\":\"http://data-atgis.opendata.arcgis.com/datasets/75bbb3afce054ee9a2826fd89c18e4bf_0\"},{\"@type\":\"dcat:Distribution\",\"title\":\"Esri Rest API\",\"format\":\"Esri REST\",\"mediaType\":\"application/json\",\"accessURL\":\"https://services2.arcgis.com/JkPEgZJGxhSjYOo0/arcgis/rest/services/CyclingService/FeatureServer/0\"},{\"@type\":\"dcat:Distribution\",\"title\":\"GeoJSON\",\"format\":\"GeoJSON\",\"mediaType\":\"application/vnd.geo+json\",\"downloadURL\":\"http://data-atgis.opendata.arcgis.com/datasets/75bbb3afce054ee9a2826fd89c18e4bf_0.geojson\"},{\"@type\":\"dcat:Distribution\",\"title\":\"CSV\",\"format\":\"CSV\",\"mediaType\":\"text/csv\",\"downloadURL\":\"http://data-atgis.opendata.arcgis.com/datasets/75bbb3afce054ee9a2826fd89c18e4bf_0.csv\"},{\"@type\":\"dcat:Distribution\",\"title\":\"KML\",\"format\":\"KML\",\"mediaType\":\"application/vnd.google-earth.kml+xml\",\"downloadURL\":\"http://data-atgis.opendata.arcgis.com/datasets/75bbb3afce054ee9a2826fd89c18e4bf_0.kml\"},{\"@type\":\"dcat:Distribution\",\"title\":\"Shapefile\",\"format\":\"ZIP\",\"mediaType\":\"application/zip\",\"downloadURL\":\"http://data-atgis.opendata.arcgis.com/datasets/75bbb3afce054ee9a2826fd89c18e4bf_0.zip\"}],\"landingPage\":\"http://data-atgis.opendata.arcgis.com/datasets/75bbb3afce054ee9a2826fd89c18e4bf_0\",\"webService\":\"https://services2.arcgis.com/JkPEgZJGxhSjYOo0/arcgis/rest/services/CyclingService/FeatureServer/0\",\"license\":\"https://hub.arcgis.com/api/v2/datasets/75bbb3afce054ee9a2826fd89c18e4bf_0/license\",\"spatial\":\"174.54279814616478,-37.12742776324403,175.0696224823664,-36.348855895084625\",\"theme\":[\"geospatial\"]},{\"@type\":\"dcat:Dataset\",\"identifier\":\"http://data-atgis.opendata.arcgis.com/datasets/e84fd237aa8849c99bc07e58dd471e90_1\",\"title\":\"Ferry Routes\",\"description\":\"Service provides layers for existing stops and scheduled routes for ferries as sourced from IVU GTFS data. IVU holds data relating to AT public transport operations only so does not necessarily reflect all stops across the Auckland region (e.g. train lines where AT do not run services such as Helensville to Wellsford do not appear in this dataset).\",\"keyword\":[\"Ferry\",\"  Stop\",\"  Route\",\"  Public Transport\"],\"issued\":\"2016-12-08T04:20:01.000Z\",\"modified\":\"2018-10-28T20:12:49.729Z\",\"publisher\":{\"name\":\"Auckland Transport\"},\"contactPoint\":{\"@type\":\"vcard:Contact\",\"fn\":\"Susan Jones\",\"hasEmail\":\"mailto:\"},\"accessLevel\":\"public\",\"distribution\":[{\"@type\":\"dcat:Distribution\",\"title\":\"ArcGIS Open Dataset\",\"format\":\"Web page\",\"mediaType\":\"text/html\",\"accessURL\":\"http://data-atgis.opendata.arcgis.com/datasets/e84fd237aa8849c99bc07e58dd471e90_1\"},{\"@type\":\"dcat:Distribution\",\"title\":\"Esri Rest API\",\"format\":\"Esri REST\",\"mediaType\":\"application/json\",\"accessURL\":\"https://services2.arcgis.com/JkPEgZJGxhSjYOo0/arcgis/rest/services/FerryService/FeatureServer/1\"},{\"@type\":\"dcat:Distribution\",\"title\":\"GeoJSON\",\"format\":\"GeoJSON\",\"mediaType\":\"application/vnd.geo+json\",\"downloadURL\":\"http://data-atgis.opendata.arcgis.com/datasets/e84fd237aa8849c99bc07e58dd471e90_1.geojson\"},{\"@type\":\"dcat:Distribution\",\"title\":\"CSV\",\"format\":\"CSV\",\"mediaType\":\"text/csv\",\"downloadURL\":\"http://data-atgis.opendata.arcgis.com/datasets/e84fd237aa8849c99bc07e58dd471e90_1.csv\"},{\"@type\":\"dcat:Distribution\",\"title\":\"KML\",\"format\":\"KML\",\"mediaType\":\"application/vnd.google-earth.kml+xml\",\"downloadURL\":\"http://data-atgis.opendata.arcgis.com/datasets/e84fd237aa8849c99bc07e58dd471e90_1.kml\"},{\"@type\":\"dcat:Distribution\",\"title\":\"Shapefile\",\"format\":\"ZIP\",\"mediaType\":\"application/zip\",\"downloadURL\":\"http://data-atgis.opendata.arcgis.com/datasets/e84fd237aa8849c99bc07e58dd471e90_1.zip\"}],\"landingPage\":\"http://data-atgis.opendata.arcgis.com/datasets/e84fd237aa8849c99bc07e58dd471e90_1\",\"webService\":\"https://services2.arcgis.com/JkPEgZJGxhSjYOo0/arcgis/rest/services/FerryService/FeatureServer/1\",\"license\":\"https://hub.arcgis.com/api/v2/datasets/e84fd237aa8849c99bc07e58dd471e90_1/license\",\"spatial\":\"174.44226615530886,-37.40214298860863,175.09039582979773,-36.53601247174115\",\"theme\":[\"geospatial\"]},{\"@type\":\"dcat:Dataset\",\"identifier\":\"http://data-atgis.opendata.arcgis.com/datasets/e84fd237aa8849c99bc07e58dd471e90_0\",\"title\":\"Ferry Stop\",\"description\":\"Service provides layers for existing stops and scheduled routes for ferries as sourced from IVU GTFS data. IVU holds data relating to AT public transport operations only so does not necessarily reflect all stops across the Auckland region (e.g. train lines where AT do not run services such as Helensville to Wellsford do not appear in this dataset).\",\"keyword\":[\"Ferry\",\"  Stop\",\"  Route\",\"  Public Transport\"],\"issued\":\"2016-12-08T04:20:01.000Z\",\"modified\":\"2018-10-28T20:12:48.089Z\",\"publisher\":{\"name\":\"Auckland Transport\"},\"contactPoint\":{\"@type\":\"vcard:Contact\",\"fn\":\"Susan Jones\",\"hasEmail\":\"mailto:\"},\"accessLevel\":\"public\",\"distribution\":[{\"@type\":\"dcat:Distribution\",\"title\":\"ArcGIS Open Dataset\",\"format\":\"Web page\",\"mediaType\":\"text/html\",\"accessURL\":\"http://data-atgis.opendata.arcgis.com/datasets/e84fd237aa8849c99bc07e58dd471e90_0\"},{\"@type\":\"dcat:Distribution\",\"title\":\"Esri Rest API\",\"format\":\"Esri REST\",\"mediaType\":\"application/json\",\"accessURL\":\"https://services2.arcgis.com/JkPEgZJGxhSjYOo0/arcgis/rest/services/FerryService/FeatureServer/0\"},{\"@type\":\"dcat:Distribution\",\"title\":\"GeoJSON\",\"format\":\"GeoJSON\",\"mediaType\":\"application/vnd.geo+json\",\"downloadURL\":\"http://data-atgis.opendata.arcgis.com/datasets/e84fd237aa8849c99bc07e58dd471e90_0.geojson\"},{\"@type\":\"dcat:Distribution\",\"title\":\"CSV\",\"format\":\"CSV\",\"mediaType\":\"text/csv\",\"downloadURL\":\"http://data-atgis.opendata.arcgis.com/datasets/e84fd237aa8849c99bc07e58dd471e90_0.csv\"},{\"@type\":\"dcat:Distribution\",\"title\":\"KML\",\"format\":\"KML\",\"mediaType\":\"application/vnd.google-earth.kml+xml\",\"downloadURL\":\"http://data-atgis.opendata.arcgis.com/datasets/e84fd237aa8849c99bc07e58dd471e90_0.kml\"},{\"@type\":\"dcat:Distribution\",\"title\":\"Shapefile\",\"format\":\"ZIP\",\"mediaType\":\"application/zip\",\"downloadURL\":\"http://data-atgis.opendata.arcgis.com/datasets/e84fd237aa8849c99bc07e58dd471e90_0.zip\"}],\"landingPage\":\"http://data-atgis.opendata.arcgis.com/datasets/e84fd237aa8849c99bc07e58dd471e90_0\",\"webService\":\"https://services2.arcgis.com/JkPEgZJGxhSjYOo0/arcgis/rest/services/FerryService/FeatureServer/0\",\"license\":\"https://hub.arcgis.com/api/v2/datasets/e84fd237aa8849c99bc07e58dd471e90_0/license\",\"spatial\":\"174.44226615530886,-37.40214298860863,175.09039582979773,-36.53601247174115\",\"theme\":[\"geospatial\"]},{\"@type\":\"dcat:Dataset\",\"identifier\":\"http://data-atgis.opendata.arcgis.com/datasets/d5a4db7acb5a45a9a4f1bd08a3f0f0a6_1\",\"title\":\"School Bus Stop\",\"description\":\"Service provides layers for existing stops and scheduled routes for buses as sourced from IVU GTFS data. IVU holds data relating to AT public transport operations only so does not necessarily reflect all stops across the Auckland region (e.g. train lines where AT do not run services such as Helensville to Wellsford do not appear in this dataset).\",\"keyword\":[\"Bus\",\"    Stop\",\"    Route\",\"    Public Transport\"],\"issued\":\"2016-12-08T04:27:01.000Z\",\"modified\":\"2018-10-28T20:12:16.386Z\",\"publisher\":{\"name\":\"Auckland Transport\"},\"contactPoint\":{\"@type\":\"vcard:Contact\",\"fn\":\"Susan Jones\",\"hasEmail\":\"mailto:\"},\"accessLevel\":\"public\",\"distribution\":[{\"@type\":\"dcat:Distribution\",\"title\":\"ArcGIS Open Dataset\",\"format\":\"Web page\",\"mediaType\":\"text/html\",\"accessURL\":\"http://data-atgis.opendata.arcgis.com/datasets/d5a4db7acb5a45a9a4f1bd08a3f0f0a6_1\"},{\"@type\":\"dcat:Distribution\",\"title\":\"Esri Rest API\",\"format\":\"Esri REST\",\"mediaType\":\"application/json\",\"accessURL\":\"https://services2.arcgis.com/JkPEgZJGxhSjYOo0/arcgis/rest/services/BusService/FeatureServer/1\"},{\"@type\":\"dcat:Distribution\",\"title\":\"GeoJSON\",\"format\":\"GeoJSON\",\"mediaType\":\"application/vnd.geo+json\",\"downloadURL\":\"http://data-atgis.opendata.arcgis.com/datasets/d5a4db7acb5a45a9a4f1bd08a3f0f0a6_1.geojson\"},{\"@type\":\"dcat:Distribution\",\"title\":\"CSV\",\"format\":\"CSV\",\"mediaType\":\"text/csv\",\"downloadURL\":\"http://data-atgis.opendata.arcgis.com/datasets/d5a4db7acb5a45a9a4f1bd08a3f0f0a6_1.csv\"},{\"@type\":\"dcat:Distribution\",\"title\":\"KML\",\"format\":\"KML\",\"mediaType\":\"application/vnd.google-earth.kml+xml\",\"downloadURL\":\"http://data-atgis.opendata.arcgis.com/datasets/d5a4db7acb5a45a9a4f1bd08a3f0f0a6_1.kml\"},{\"@type\":\"dcat:Distribution\",\"title\":\"Shapefile\",\"format\":\"ZIP\",\"mediaType\":\"application/zip\",\"downloadURL\":\"http://data-atgis.opendata.arcgis.com/datasets/d5a4db7acb5a45a9a4f1bd08a3f0f0a6_1.zip\"}],\"landingPage\":\"http://data-atgis.opendata.arcgis.com/datasets/d5a4db7acb5a45a9a4f1bd08a3f0f0a6_1\",\"webService\":\"https://services2.arcgis.com/JkPEgZJGxhSjYOo0/arcgis/rest/services/BusService/FeatureServer/1\",\"license\":\"https://hub.arcgis.com/api/v2/datasets/d5a4db7acb5a45a9a4f1bd08a3f0f0a6_1/license\",\"spatial\":\"174.4422661452844,-37.40214298873092,175.09039583452446,-36.536012450251526\",\"theme\":[\"geospatial\"]},{\"@type\":\"dcat:Dataset\",\"identifier\":\"http://data-atgis.opendata.arcgis.com/datasets/d5a4db7acb5a45a9a4f1bd08a3f0f0a6_0\",\"title\":\"Bus Stop\",\"description\":\"Service provides layers for existing stops and scheduled routes for buses as sourced from IVU GTFS data. IVU holds data relating to AT public transport operations only so does not necessarily reflect all stops across the Auckland region (e.g. train lines where AT do not run services such as Helensville to Wellsford do not appear in this dataset).\",\"keyword\":[\"Bus\",\"    Stop\",\"    Route\",\"    Public Transport\"],\"issued\":\"2016-12-08T04:27:01.000Z\",\"modified\":\"2018-10-28T20:12:16.386Z\",\"publisher\":{\"name\":\"Auckland Transport\"},\"contactPoint\":{\"@type\":\"vcard:Contact\",\"fn\":\"Susan Jones\",\"hasEmail\":\"mailto:\"},\"accessLevel\":\"public\",\"distribution\":[{\"@type\":\"dcat:Distribution\",\"title\":\"ArcGIS Open Dataset\",\"format\":\"Web page\",\"mediaType\":\"text/html\",\"accessURL\":\"http://data-atgis.opendata.arcgis.com/datasets/d5a4db7acb5a45a9a4f1bd08a3f0f0a6_0\"},{\"@type\":\"dcat:Distribution\",\"title\":\"Esri Rest API\",\"format\":\"Esri REST\",\"mediaType\":\"application/json\",\"accessURL\":\"https://services2.arcgis.com/JkPEgZJGxhSjYOo0/arcgis/rest/services/BusService/FeatureServer/0\"},{\"@type\":\"dcat:Distribution\",\"title\":\"GeoJSON\",\"format\":\"GeoJSON\",\"mediaType\":\"application/vnd.geo+json\",\"downloadURL\":\"http://data-atgis.opendata.arcgis.com/datasets/d5a4db7acb5a45a9a4f1bd08a3f0f0a6_0.geojson\"},{\"@type\":\"dcat:Distribution\",\"title\":\"CSV\",\"format\":\"CSV\",\"mediaType\":\"text/csv\",\"downloadURL\":\"http://data-atgis.opendata.arcgis.com/datasets/d5a4db7acb5a45a9a4f1bd08a3f0f0a6_0.csv\"},{\"@type\":\"dcat:Distribution\",\"title\":\"KML\",\"format\":\"KML\",\"mediaType\":\"application/vnd.google-earth.kml+xml\",\"downloadURL\":\"http://data-atgis.opendata.arcgis.com/datasets/d5a4db7acb5a45a9a4f1bd08a3f0f0a6_0.kml\"},{\"@type\":\"dcat:Distribution\",\"title\":\"Shapefile\",\"format\":\"ZIP\",\"mediaType\":\"application/zip\",\"downloadURL\":\"http://data-atgis.opendata.arcgis.com/datasets/d5a4db7acb5a45a9a4f1bd08a3f0f0a6_0.zip\"}],\"landingPage\":\"http://data-atgis.opendata.arcgis.com/datasets/d5a4db7acb5a45a9a4f1bd08a3f0f0a6_0\",\"webService\":\"https://services2.arcgis.com/JkPEgZJGxhSjYOo0/arcgis/rest/services/BusService/FeatureServer/0\",\"license\":\"https://hub.arcgis.com/api/v2/datasets/d5a4db7acb5a45a9a4f1bd08a3f0f0a6_0/license\",\"spatial\":\"174.4422661452844,-37.40214298873092,175.09039583452446,-36.536012450251526\",\"theme\":[\"geospatial\"]},{\"@type\":\"dcat:Dataset\",\"identifier\":\"http://data-atgis.opendata.arcgis.com/datasets/d5a4db7acb5a45a9a4f1bd08a3f0f0a6_2\",\"title\":\"Bus Route\",\"description\":\"Service provides layers for existing stops and scheduled routes for buses as sourced from IVU GTFS data. IVU holds data relating to AT public transport operations only so does not necessarily reflect all stops across the Auckland region (e.g. train lines where AT do not run services such as Helensville to Wellsford do not appear in this dataset).\",\"keyword\":[\"Bus\",\"    Stop\",\"    Route\",\"    Public Transport\"],\"issued\":\"2016-12-08T04:27:01.000Z\",\"modified\":\"2019-05-03T08:38:42.648Z\",\"publisher\":{\"name\":\"Auckland Transport\"},\"contactPoint\":{\"@type\":\"vcard:Contact\",\"fn\":\"Susan Jones\",\"hasEmail\":\"mailto:\"},\"accessLevel\":\"public\",\"distribution\":[{\"@type\":\"dcat:Distribution\",\"title\":\"ArcGIS Open Dataset\",\"format\":\"Web page\",\"mediaType\":\"text/html\",\"accessURL\":\"http://data-atgis.opendata.arcgis.com/datasets/d5a4db7acb5a45a9a4f1bd08a3f0f0a6_2\"},{\"@type\":\"dcat:Distribution\",\"title\":\"Esri Rest API\",\"format\":\"Esri REST\",\"mediaType\":\"application/json\",\"accessURL\":\"https://services2.arcgis.com/JkPEgZJGxhSjYOo0/arcgis/rest/services/BusService/FeatureServer/2\"},{\"@type\":\"dcat:Distribution\",\"title\":\"GeoJSON\",\"format\":\"GeoJSON\",\"mediaType\":\"application/vnd.geo+json\",\"downloadURL\":\"http://data-atgis.opendata.arcgis.com/datasets/d5a4db7acb5a45a9a4f1bd08a3f0f0a6_2.geojson\"},{\"@type\":\"dcat:Distribution\",\"title\":\"CSV\",\"format\":\"CSV\",\"mediaType\":\"text/csv\",\"downloadURL\":\"http://data-atgis.opendata.arcgis.com/datasets/d5a4db7acb5a45a9a4f1bd08a3f0f0a6_2.csv\"},{\"@type\":\"dcat:Distribution\",\"title\":\"KML\",\"format\":\"KML\",\"mediaType\":\"application/vnd.google-earth.kml+xml\",\"downloadURL\":\"http://data-atgis.opendata.arcgis.com/datasets/d5a4db7acb5a45a9a4f1bd08a3f0f0a6_2.kml\"},{\"@type\":\"dcat:Distribution\",\"title\":\"Shapefile\",\"format\":\"ZIP\",\"mediaType\":\"application/zip\",\"downloadURL\":\"http://data-atgis.opendata.arcgis.com/datasets/d5a4db7acb5a45a9a4f1bd08a3f0f0a6_2.zip\"}],\"landingPage\":\"http://data-atgis.opendata.arcgis.com/datasets/d5a4db7acb5a45a9a4f1bd08a3f0f0a6_2\",\"webService\":\"https://services2.arcgis.com/JkPEgZJGxhSjYOo0/arcgis/rest/services/BusService/FeatureServer/2\",\"license\":\"https://hub.arcgis.com/api/v2/datasets/d5a4db7acb5a45a9a4f1bd08a3f0f0a6_2/license\",\"spatial\":\"174.4422661452844,-37.40214298873092,175.09039583452446,-36.536012450251526\",\"theme\":[\"geospatial\"]},{\"@type\":\"dcat:Dataset\",\"identifier\":\"http://data-atgis.opendata.arcgis.com/datasets/d5a4db7acb5a45a9a4f1bd08a3f0f0a6_3\",\"title\":\"School Bus Route\",\"description\":\"Service provides layers for existing stops and scheduled routes for buses as sourced from IVU GTFS data. IVU holds data relating to AT public transport operations only so does not necessarily reflect all stops across the Auckland region (e.g. train lines where AT do not run services such as Helensville to Wellsford do not appear in this dataset).\",\"keyword\":[\"Bus\",\"    Stop\",\"    Route\",\"    Public Transport\"],\"issued\":\"2016-12-08T04:27:01.000Z\",\"modified\":\"2018-10-28T20:12:14.069Z\",\"publisher\":{\"name\":\"Auckland Transport\"},\"contactPoint\":{\"@type\":\"vcard:Contact\",\"fn\":\"Susan Jones\",\"hasEmail\":\"mailto:\"},\"accessLevel\":\"public\",\"distribution\":[{\"@type\":\"dcat:Distribution\",\"title\":\"ArcGIS Open Dataset\",\"format\":\"Web page\",\"mediaType\":\"text/html\",\"accessURL\":\"http://data-atgis.opendata.arcgis.com/datasets/d5a4db7acb5a45a9a4f1bd08a3f0f0a6_3\"},{\"@type\":\"dcat:Distribution\",\"title\":\"Esri Rest API\",\"format\":\"Esri REST\",\"mediaType\":\"application/json\",\"accessURL\":\"https://services2.arcgis.com/JkPEgZJGxhSjYOo0/arcgis/rest/services/BusService/FeatureServer/3\"},{\"@type\":\"dcat:Distribution\",\"title\":\"GeoJSON\",\"format\":\"GeoJSON\",\"mediaType\":\"application/vnd.geo+json\",\"downloadURL\":\"http://data-atgis.opendata.arcgis.com/datasets/d5a4db7acb5a45a9a4f1bd08a3f0f0a6_3.geojson\"},{\"@type\":\"dcat:Distribution\",\"title\":\"CSV\",\"format\":\"CSV\",\"mediaType\":\"text/csv\",\"downloadURL\":\"http://data-atgis.opendata.arcgis.com/datasets/d5a4db7acb5a45a9a4f1bd08a3f0f0a6_3.csv\"},{\"@type\":\"dcat:Distribution\",\"title\":\"KML\",\"format\":\"KML\",\"mediaType\":\"application/vnd.google-earth.kml+xml\",\"downloadURL\":\"http://data-atgis.opendata.arcgis.com/datasets/d5a4db7acb5a45a9a4f1bd08a3f0f0a6_3.kml\"},{\"@type\":\"dcat:Distribution\",\"title\":\"Shapefile\",\"format\":\"ZIP\",\"mediaType\":\"application/zip\",\"downloadURL\":\"http://data-atgis.opendata.arcgis.com/datasets/d5a4db7acb5a45a9a4f1bd08a3f0f0a6_3.zip\"}],\"landingPage\":\"http://data-atgis.opendata.arcgis.com/datasets/d5a4db7acb5a45a9a4f1bd08a3f0f0a6_3\",\"webService\":\"https://services2.arcgis.com/JkPEgZJGxhSjYOo0/arcgis/rest/services/BusService/FeatureServer/3\",\"license\":\"https://hub.arcgis.com/api/v2/datasets/d5a4db7acb5a45a9a4f1bd08a3f0f0a6_3/license\",\"spatial\":\"174.4422661452844,-37.40214298873092,175.09039583452446,-36.536012450251526\",\"theme\":[\"geospatial\"]},{\"@type\":\"dcat:Dataset\",\"identifier\":\"http://data-atgis.opendata.arcgis.com/datasets/4499d3daeee84bf3b1aba099029fc434_0\",\"title\":\"AT Infrastructure Projects\",\"description\":\"This data is sourced from Auckland Transports Major Capital Projects and Minor Improvement Works and Planned Asset Renewal systems and shows all the areas that are currently active. The layer is refreshed weekly.\",\"keyword\":[\"Open Data\",\"Auckland Transport\",\"Public Projects\",\"Auckland Transport Public Projects\",\"Infrastructure\",\"Renewals\",\"Roading\",\"Traffic\"],\"issued\":\"2018-10-11T21:29:50.000Z\",\"modified\":\"2019-02-06T20:41:22.534Z\",\"publisher\":{\"name\":\"Auckland Transport\"},\"contactPoint\":{\"@type\":\"vcard:Contact\",\"fn\":\"Susan Jones\",\"hasEmail\":\"mailto:\"},\"accessLevel\":\"public\",\"distribution\":[{\"@type\":\"dcat:Distribution\",\"title\":\"ArcGIS Open Dataset\",\"format\":\"Web page\",\"mediaType\":\"text/html\",\"accessURL\":\"http://data-atgis.opendata.arcgis.com/datasets/4499d3daeee84bf3b1aba099029fc434_0\"},{\"@type\":\"dcat:Distribution\",\"title\":\"Esri Rest API\",\"format\":\"Esri REST\",\"mediaType\":\"application/json\",\"accessURL\":\"https://services2.arcgis.com/JkPEgZJGxhSjYOo0/arcgis/rest/services/ATPublicProjectsService/FeatureServer/0\"},{\"@type\":\"dcat:Distribution\",\"title\":\"GeoJSON\",\"format\":\"GeoJSON\",\"mediaType\":\"application/vnd.geo+json\",\"downloadURL\":\"http://data-atgis.opendata.arcgis.com/datasets/4499d3daeee84bf3b1aba099029fc434_0.geojson\"},{\"@type\":\"dcat:Distribution\",\"title\":\"CSV\",\"format\":\"CSV\",\"mediaType\":\"text/csv\",\"downloadURL\":\"http://data-atgis.opendata.arcgis.com/datasets/4499d3daeee84bf3b1aba099029fc434_0.csv\"},{\"@type\":\"dcat:Distribution\",\"title\":\"KML\",\"format\":\"KML\",\"mediaType\":\"application/vnd.google-earth.kml+xml\",\"downloadURL\":\"http://data-atgis.opendata.arcgis.com/datasets/4499d3daeee84bf3b1aba099029fc434_0.kml\"},{\"@type\":\"dcat:Distribution\",\"title\":\"Shapefile\",\"format\":\"ZIP\",\"mediaType\":\"application/zip\",\"downloadURL\":\"http://data-atgis.opendata.arcgis.com/datasets/4499d3daeee84bf3b1aba099029fc434_0.zip\"}],\"landingPage\":\"http://data-atgis.opendata.arcgis.com/datasets/4499d3daeee84bf3b1aba099029fc434_0\",\"webService\":\"https://services2.arcgis.com/JkPEgZJGxhSjYOo0/arcgis/rest/services/ATPublicProjectsService/FeatureServer/0\",\"license\":\"https://hub.arcgis.com/api/v2/datasets/4499d3daeee84bf3b1aba099029fc434_0/license\",\"spatial\":\"174.25996335978655,-37.33186218935459,175.48972117409085,-36.15030575528881\",\"theme\":[\"geospatial\"]}]}",
		"_http_status_code" : "200"
	}
]