﻿<?xml version="1.0" encoding="UTF-8"?>
<gmd:contact xmlns:gco="http://www.isotc211.org/2005/gco" xmlns:gmd="http://www.isotc211.org/2005/gmd">
	<gmd:CI_ResponsibleParty>
		<gmd:individualName>
			<gco:CharacterString>Dean Hintz</gco:CharacterString>
		</gmd:individualName>
		<gmd:organisationName>
			<gco:CharacterString>Safe Software</gco:CharacterString>
		</gmd:organisationName>
		<gmd:contactInfo>
			<gmd:CI_Contact>
				<gmd:phone>
					<gmd:CI_Telephone>
						<gmd:voice>
							<gco:CharacterString>604 501 9985</gco:CharacterString>
						</gmd:voice>
						<gmd:facsimile>
							<gco:CharacterString>604 501 9985</gco:CharacterString>
						</gmd:facsimile>
					</gmd:CI_Telephone>
				</gmd:phone>
				<gmd:address>
					<gmd:CI_Address>
						<gmd:deliveryPoint>
							<gco:CharacterString>9639 - 137A St.</gco:CharacterString>
						</gmd:deliveryPoint>
						<gmd:city>
							<gco:CharacterString>Surrey</gco:CharacterString>
						</gmd:city>
						<gmd:postalCode>
							<gco:CharacterString>V3T 0M1</gco:CharacterString>
						</gmd:postalCode>
						<gmd:country>
							<gco:CharacterString>Canada</gco:CharacterString>
						</gmd:country>
						<gmd:electronicMailAddress>
							<gco:CharacterString>dean@safe.com</gco:CharacterString>
						</gmd:electronicMailAddress>
					</gmd:CI_Address>
				</gmd:address>
			</gmd:CI_Contact>
		</gmd:contactInfo>
		<gmd:role>
			<gmd:CI_RoleCode codeList="http://standards.iso.org/ittf/PubliclyAvailableStandards/ISO_19139_Schemas/resources/Codelist/ML_gmx Codelists.xml#CI_RoleCode" codeListValue="author">author</gmd:CI_RoleCode>
		</gmd:role>
	</gmd:CI_ResponsibleParty>
</gmd:contact>
