Username,Full Name,Created,Modified,LastLogin
adm_AmitKokj1@TRANSPORT,Amit Kokje (Admin),17/03/2016,03/07/2017,03/07/2017
AlanPedd1@TRANSPORT,Alan Peddie,05/09/2016,21/03/2018,21/03/2018
ChenYuaH1@TRANSPORT,Andy Huang,07/11/2017,09/04/2018,09/04/2018
AlanMorr1@TRANSPORT,Alan Morris,19/11/2017,10/04/2018,10/04/2018
BakrAlG1@TRANSPORT,Bakr Al-Gailani,14/01/2018,20/04/2018,20/04/2018
JonathaA1@TRANSPORT,Jonathan Anyon,20/07/2016,25/03/2018,25/03/2018
AndrewRG1@TRANSPORT,Andrew Garratt,14/01/2018,11/04/2018,11/04/2018
AdamMoll1@TRANSPORT,Adam Moller,25/01/2018,18/04/2018,18/04/2018
AlisonHe1@TRANSPORT,Alison Hermes,27/06/2016,18/04/2018,18/04/2018
MunsariA1@TRANSPORT,Muns Ahmed,03/10/2017,29/04/2018,30/04/2018
TracyHil1@TRANSPORT,Liam Amundsen,01/05/2018,01/05/2018,01/05/2018
AnnaEile1@TRANSPORT,Anna Eilers,14/02/2018,01/05/2018,01/05/2018
AnthonNi1@TRANSPORT,Anthony Nicholson,17/02/2015,26/04/2017,26/04/2017
portaladmin,Portal Admin,20/09/2017,03/10/2017,03/10/2017
AnnaTarm1@TRANSPORT,Anna Tarm,25/09/2017,16/01/2018,16/01/2018
ArjunPre1@TRANSPORT,Arjun Prema,29/08/2016,06/03/2018,06/03/2018
AndriaDs1@TRANSPORT,Andria Dsouza,10/02/2014,19/03/2018,19/03/2018
AdrianGr1@TRANSPORT,Adrian Grant,19/10/2016,27/04/2018,27/04/2018
LiewSu1@TRANSPORT,Albert Su,29/06/2016,30/04/2018,30/04/2018
DumindaW1@TRANSPORT,Duminda Wijayasinghe Arachchillage,30/04/2018,30/04/2018,01/05/2018
AnilShar1@TRANSPORT,Anil Sharma (Road Corridor),30/04/2018,30/04/2018,30/04/2018
MelaniAl1@TRANSPORT,Melanie Alexander,28/08/2017,01/05/2018,01/05/2018
ArvindSi1@TRANSPORT,Arvind Sima,30/06/2016,01/05/2018,01/05/2018
AndrewGu1@TRANSPORT,Andrew Guthrie,27/09/2016,28/09/2016,28/09/2016
AndryGar1@TRANSPORT,Andry Garcia,03/07/2016,29/07/2016,29/07/2016
AlmaNava1@TRANSPORT,Alma Navarro,15/01/2018,04/02/2018,04/02/2018
AlanMeha1@TRANSPORT,Alan Meharry,20/06/2016,27/03/2018,27/03/2018
FransisA1@TRANSPORT,Fransiska Amos,03/10/2017,12/04/2018,12/04/2018
AnbuselP1@TRANSPORT,Anbuselvan Pungiah,14/01/2018,26/04/2018,26/04/2018
AntonyHi1@TRANSPORT,Antony Hing,14/01/2018,30/04/2018,30/04/2018
HaranAra1@TRANSPORT,Haran Arampamoorthy,14/01/2018,01/05/2018,01/05/2018
JohnAbay1@TRANSPORT,John Abaya,01/05/2018,01/05/2018,01/05/2018
AmitKokj1@TRANSPORT,Amit Kokje,13/03/2016,01/05/2018,01/05/2018
AmitPate1@TRANSPORT,Amit Patel,30/03/2017,15/02/2018,15/02/2018
IftikhAh1@TRANSPORT,Iftikhar Ahmad,30/06/2016,19/02/2018,19/02/2018
AnthonHe1@TRANSPORT,Anthony Herath,30/03/2017,29/03/2018,29/03/2018
ArwaAl-B1@TRANSPORT,Arwa Al-Bahadly,14/01/2018,30/04/2018,30/04/2018
AlisonFr1@TRANSPORT,Alison Frederikson,14/08/2017,30/04/2018,30/04/2018
svc_ArcGis@TRANSPORT,svc_ArcGis,01/05/2018,01/05/2018,31/12/1969
NganTruo1@TRANSPORT,Ngan Truong,29/06/2016,29/06/2017,07/07/2017
EmilyBra1@TRANSPORT,Emily Braithwaite,19/04/2017,08/05/2017,08/05/2017
JoeTait1@TRANSPORT,Joe Tait,27/09/2016,20/11/2016,20/11/2016
WeiweiJi1@TRANSPORT,Weiwei Jiang,01/04/2014,19/12/2016,19/12/2016
LucyBegg1@TRANSPORT,Lucy Begg,14/07/2017,05/09/2017,05/09/2017
IvorPric1@TRANSPORT,Hugh Prichard,02/06/2014,13/09/2017,13/09/2017
PhillipC1@TRANSPORT,Phillip Choi,07/04/2017,26/09/2017,26/09/2017
SureshPa1@TRANSPORT,Suresh Patel,26/03/2014,04/10/2017,04/10/2017
FionaKav1@TRANSPORT,Fiona Kavea,26/05/2017,31/10/2017,31/10/2017
WarrenBu1@TRANSPORT,Warren Budd,03/10/2017,17/01/2018,17/01/2018
IreneLoh1@TRANSPORT,Irene Loh,15/06/2016,29/01/2018,29/01/2018
CameronM2@TRANSPORT,Cam Mitchell,16/01/2017,06/03/2018,06/03/2018
DesmondC1@TRANSPORT,Desmond Chan,05/12/2016,07/03/2018,07/03/2018
MikeTenn12@TRANSPORT,Mike Tennant,11/03/2014,08/03/2018,08/03/2018
MartinDi1@TRANSPORT,Martin Dickson,31/07/2014,13/03/2018,13/03/2018
VanessOl1@TRANSPORT,Vanessa Olivier,20/04/2017,02/04/2018,02/04/2018
SuppiaMa1@TRANSPORT,Suppiah Maheswaran,03/04/2017,09/04/2018,09/04/2018
KymTread1@TRANSPORT,Kym Treadwell,28/02/2017,13/04/2018,13/04/2018
LorraiSt1@TRANSPORT,Lorraine Stone,24/03/2014,22/04/2018,22/04/2018
WinstonG1@TRANSPORT,Winston Gee,18/01/2018,20/04/2018,20/04/2018
BenjamiC1@TRANSPORT,Benjamin Coop,15/01/2018,24/04/2018,24/04/2018
VerainaT1@TRANSPORT,Veraina Tanielu,14/01/2018,24/04/2018,24/04/2018
MatthewT3@TRANSPORT,Matthew Tansey,03/10/2017,24/04/2018,24/04/2018
CharmaWr1@TRANSPORT,Charmaine Wright,06/12/2017,25/04/2018,25/04/2018
HermanuE1@TRANSPORT,Herman Engelbrecht,25/03/2018,27/04/2018,27/04/2018
CameronS2@TRANSPORT,Cameron Sims,22/11/2017,29/04/2018,29/04/2018
WesleyKo1@TRANSPORT,Wesley Koros,05/07/2017,30/04/2018,30/04/2018
RubyMcIn1@TRANSPORT,Ruby McIntyre,11/04/2018,30/04/2018,30/04/2018
ConnieOG1@TRANSPORT,Connie O'Grady,30/04/2018,30/04/2018,30/04/2018
LisaRead1@TRANSPORT,Lisa Read,12/10/2017,30/04/2018,30/04/2018
SabirHus1@TRANSPORT,Sabir Hussain,30/04/2018,30/04/2018,30/04/2018
PaulOwen1@TRANSPORT,Paul Owen,30/04/2018,30/04/2018,30/04/2018
YiJu1@TRANSPORT,Roger Ju,30/04/2018,30/04/2018,01/05/2018
LauraTay1@TRANSPORT,Laura Taylor,01/05/2018,01/05/2018,01/05/2018
LewisMar1@TRANSPORT,Lewis Martin,15/01/2018,01/05/2018,01/05/2018
ATeamGIS,ATeam GIS,17/07/2016,17/07/2016,31/12/1969
FraserBa1@TRANSPORT,Fraser Barrons,15/10/2014,15/01/2017,15/01/2017
EadaoinB1@TRANSPORT,Eadaoin Butler,11/05/2017,06/06/2017,06/06/2017
LorraiMa1@TRANSPORT,Lorraine Maguire,26/09/2016,29/08/2017,29/08/2017
RowenaBu1@TRANSPORT,Rowena Butler,26/09/2017,26/09/2017,26/09/2017
CharmaiO1@TRANSPORT,Charmaine Okros,28/02/2017,08/11/2017,08/11/2017
SusanPar1@TRANSPORT,Susan Parkes,06/12/2017,06/12/2017,31/12/1969
ChristoP1@TRANSPORT,Chris Pedrezuela,24/05/2015,20/12/2017,14/12/2017
DirkJutz1@TRANSPORT,Dirk Jutzas,22/01/2018,19/02/2018,19/02/2018
NarindeB1@TRANSPORT,Narinder Bassan,16/06/2016,21/02/2018,21/02/2018
KumaKuma1@TRANSPORT,Kumar Kumarasamy,08/10/2015,25/02/2018,25/02/2018
NikkiSut1@TRANSPORT,Nikki Sutherland,06/12/2017,28/02/2018,28/02/2018
StephaSw1@TRANSPORT,Stephanus Swanepoel,03/04/2017,06/03/2018,06/03/2018
MarkBroa1@TRANSPORT,Mark Broadbent,04/04/2017,06/03/2018,06/03/2018
TimMuell1@TRANSPORT,Tim Mueller,27/07/2016,07/03/2018,07/03/2018
SandyWeb1@TRANSPORT,Sandy Webb,26/02/2018,19/03/2018,19/03/2018
SimonWoo1@TRANSPORT,Simon Wood,23/08/2017,27/03/2018,27/03/2018
MiaSkinn1@TRANSPORT,Mia Skinner,17/01/2018,29/03/2018,29/03/2018
MeeraKan1@TRANSPORT,Meera Kanaganayagam,14/01/2018,06/04/2018,06/04/2018
VaughnSc1@TRANSPORT,Vaughn Scott,14/01/2018,09/04/2018,09/04/2018
RuiZou1@TRANSPORT,Quentin Zou,14/01/2018,09/04/2018,09/04/2018
MichaeWi1@TRANSPORT,Michael Wijtenburg,08/05/2017,09/04/2018,09/04/2018
RicharFi1@TRANSPORT,Richard Firth,20/08/2017,13/04/2018,13/04/2018
ChrisGla1@TRANSPORT,Christopher Glanfield,11/03/2014,16/04/2018,16/04/2018
JennifWi1@TRANSPORT,Jenni Wild,20/07/2016,16/04/2018,16/04/2018
SallyLog1@TRANSPORT,Sally Logan,04/04/2018,17/04/2018,17/04/2018
BranavaR1@TRANSPORT,Branavan Ravichelvan,14/01/2018,19/04/2018,19/04/2018
CarlChen1@TRANSPORT,Carl Chenery,18/03/2014,20/04/2018,20/04/2018
RichardB3@TRANSPORT,Richard Batty,30/03/2017,20/04/2018,20/04/2018
PatrickO1@TRANSPORT,Damien O'Reilly,15/11/2017,23/04/2018,23/04/2018
MichaeBr1@TRANSPORT,Michael Brown,06/12/2017,23/04/2018,23/04/2018
ShayeDav1@TRANSPORT,Shaye Davids,14/01/2018,23/04/2018,23/04/2018
JonBenne1@TRANSPORT,Jon Bennetts,19/08/2014,24/04/2018,24/04/2018
IreneTse1@TRANSPORT,Irene Tse,14/01/2018,25/04/2018,25/04/2018
PatrickC2@TRANSPORT,Patrick Chan,03/10/2017,26/04/2018,26/04/2018
MohamedS1@TRANSPORT,Mohamed Sabri,16/01/2018,26/04/2018,26/04/2018
RamandeS1@TRANSPORT,Raman Singh,14/01/2018,29/04/2018,30/04/2018
ZhenXu1@TRANSPORT,Danny Xu,14/01/2018,29/04/2018,29/04/2018
StephePa1@TRANSPORT,Steve Patton,14/04/2014,29/04/2018,29/04/2018
LukeElli1@TRANSPORT,Luke Elliott,20/10/2016,29/04/2018,29/04/2018
GrahamBe1@TRANSPORT,Grahame Bell,30/06/2016,29/04/2018,29/04/2018
ShyamalV1@TRANSPORT,Shyamala Viswanthan,30/04/2018,30/04/2018,30/04/2018
NicoleCa1@TRANSPORT,Nicole Carseldine,01/05/2018,01/05/2018,01/05/2018
ChristiB2@TRANSPORT,Christie Burgess,30/04/2018,30/04/2018,30/04/2018
RobertoG1@TRANSPORT,Roberto Garcia,01/05/2018,01/05/2018,01/05/2018
RoxanneV1@TRANSPORT,Roxanne Valdez,30/04/2018,30/04/2018,30/04/2018
MarkStri1@TRANSPORT,Mark Stripp,01/05/2018,01/05/2018,01/05/2018
JananiTh1@TRANSPORT,Janani Thilakarathne,12/10/2017,01/05/2018,01/05/2018
MichaelH2@TRANSPORT,Michael Houghton,14/01/2018,01/05/2018,01/05/2018
SusanJon1@TRANSPORT,Susan Jones,21/02/2014,01/05/2018,01/05/2018
NicholaC2@TRANSPORT,Nicholas Curzon,29/06/2016,06/07/2016,06/07/2016
OliviaVe1@TRANSPORT,Olivia Veltom,15/08/2017,15/08/2017,15/08/2017
ClaireFl1@TRANSPORT,Claire Wannamaker,28/03/2017,19/10/2017,19/10/2017
EmmaChee1@TRANSPORT,Emma Cheetham,14/11/2017,14/11/2017,14/11/2017
RekhaJat1@TRANSPORT,Rekha Jatav,12/10/2017,25/01/2018,25/01/2018
ShaneSil1@TRANSPORT,Shane Silcock,14/01/2018,31/01/2018,31/01/2018
LillianL1@TRANSPORT,Lily Linton,04/04/2014,01/03/2018,01/03/2018
VeenayRa1@TRANSPORT,Veenay Rambisheswar,13/06/2016,06/03/2018,06/03/2018
JocelynP1@TRANSPORT,Joyce Paculaba,14/01/2018,06/03/2018,06/03/2018
GavinSmi1@TRANSPORT,Gavin Smith,18/08/2014,06/03/2018,06/03/2018
GeoffTri1@TRANSPORT,Geoff Tribble,25/08/2016,18/03/2018,18/03/2018
JaredPlu1@TRANSPORT,Jared Plumridge,06/12/2017,23/03/2018,23/03/2018
SimonMil1@TRANSPORT,Simon Milner,17/03/2016,26/03/2018,26/03/2018
EvanKeat1@TRANSPORT,Evan Keating,09/11/2016,27/03/2018,27/03/2018
ErnestSc1@TRANSPORT,Peter Scott,13/11/2017,02/04/2018,02/04/2018
ChrisJoh1@TRANSPORT,Chris Johnston,15/01/2018,06/04/2018,06/04/2018
LouiseCa1@TRANSPORT,Louise Cameron,04/04/2018,09/04/2018,09/04/2018
SumiaTah1@TRANSPORT,Sumia Taha,21/09/2016,16/04/2018,16/04/2018
RamenSha1@TRANSPORT,Ramen Sharma,21/04/2017,17/04/2018,17/04/2018
JennyEst1@TRANSPORT,Jennifer Estong,18/03/2014,17/04/2018,17/04/2018
HilaryFo1@TRANSPORT,Hilary Fowler,05/04/2016,18/04/2018,18/04/2018
BhavnaDa1@TRANSPORT,Bhavna Dahya,11/04/2018,19/04/2018,19/04/2018
AlhazemM1@TRANSPORT,Hazem Mourad,22/11/2017,19/04/2018,19/04/2018
SolHesse1@TRANSPORT,Sol Hessell,06/12/2017,20/04/2018,20/04/2018
BongYeeL1@TRANSPORT,Jasmine Lau,14/01/2018,24/04/2018,24/04/2018
PhilipLi1@TRANSPORT,Philip Lim,16/03/2016,25/04/2018,25/04/2018
PeterLyt2@TRANSPORT,Peter Lyttle,30/08/2017,26/04/2018,26/04/2018
DaveHils1@TRANSPORT,Dave Hilson,03/03/2014,26/04/2018,26/04/2018
KongWu1@TRANSPORT,Kong Wu,04/04/2017,26/04/2018,26/04/2018
DuncanCa1@TRANSPORT,Duncan Campbell,03/10/2017,29/04/2018,29/04/2018
EvandroS1@TRANSPORT,Evandro Scherer,14/01/2018,01/05/2018,01/05/2018
CushlaNi1@TRANSPORT,Cushla Nichols,06/12/2017,30/04/2018,30/04/2018
MasoudNa1@TRANSPORT,Masoud Sajoudi,14/01/2018,01/05/2018,01/05/2018
NeilPren1@TRANSPORT,Neil Prendiville,30/04/2018,30/04/2018,30/04/2018
PeneRees1@TRANSPORT,Penelope Rees,30/04/2018,30/04/2018,30/04/2018
IanCampb1@TRANSPORT,Ian Campbell,01/05/2018,01/05/2018,01/05/2018
PaulDriv1@TRANSPORT,Paul Driver,01/05/2018,01/05/2018,01/05/2018
MarinaPa1@TRANSPORT,Marina Palalagi,01/05/2018,01/05/2018,01/05/2018
KuanWeS1@TRANSPORT,Kuan-Wen Sang,01/05/2018,01/05/2018,01/05/2018
YuDu1@TRANSPORT,Thomas Du,21/04/2015,11/01/2016,11/01/2016
ThaboDub2@TRANSPORT,Thabo Dube,27/09/2016,27/09/2016,27/09/2016
TrevorCl1@TRANSPORT,Trevor Clark,25/03/2014,26/06/2017,26/06/2017
YanesheP1@TRANSPORT,Nesh Pillay,05/09/2016,22/06/2017,22/06/2017
HowardCa1@TRANSPORT,Howard Cara,23/04/2017,25/05/2017,25/05/2017
EricVanE1@TRANSPORT,Eric Van Essen,03/07/2014,16/11/2015,16/11/2015
LiamYoun1@TRANSPORT,Liam Young,15/11/2016,13/12/2016,13/12/2016
RexRewca1@TRANSPORT,Rex Rewcastle,05/09/2017,11/09/2017,11/09/2017
JohanSwa1@TRANSPORT,Johan Swanepoel,05/04/2017,17/11/2017,17/11/2017
SusanaFu1@TRANSPORT,Susana Fuiono,06/10/2016,06/12/2017,06/12/2017
BenHalli1@TRANSPORT,Ben Halliwell,20/07/2016,01/02/2018,01/02/2018
SharonCu1@TRANSPORT,Sharon Curle,16/09/2016,10/02/2018,10/02/2018
DanielVa2@TRANSPORT,Daniel Van Vorsselen,31/01/2018,22/02/2018,22/02/2018
KrishnaP1@TRANSPORT,Krishna Paruchuri,30/06/2016,22/02/2018,22/02/2018
EllenBar1@TRANSPORT,Ellen Barrett,20/07/2016,06/03/2018,06/03/2018
RogerJon1@TRANSPORT,Roger Jones,18/01/2018,08/03/2018,08/03/2018
JonathaK1@TRANSPORT,Jon Kearins,28/11/2017,08/03/2018,08/03/2018
SrinivaB1@TRANSPORT,Srinivas Bugata,19/03/2018,21/03/2018,21/03/2018
LornaSte1@TRANSPORT,Lorna Stewart,20/07/2016,21/03/2018,21/03/2018
OwenaSch1@TRANSPORT,Owena Schuster,26/06/2016,25/03/2018,25/03/2018
NedaSakh1@TRANSPORT,Neda Sakhaee,15/11/2017,25/03/2018,25/03/2018
StevenRy1@TRANSPORT,Steve Rymell,23/03/2016,26/03/2018,26/03/2018
JohnDavi1@TRANSPORT,John Davies,23/02/2017,29/03/2018,18/03/2018
ClaireCo1@TRANSPORT,Claire Covacich,12/08/2014,09/04/2018,09/04/2018
SteveGra1@TRANSPORT,Steve Gray,24/03/2014,12/04/2018,12/04/2018
EdwardMa2@TRANSPORT,Ted Massey,14/01/2018,12/04/2018,12/04/2018
KellyStr1@TRANSPORT,Kelly Strong,04/04/2018,16/04/2018,16/04/2018
VenusRan1@TRANSPORT,Venus Rangi,16/04/2018,16/04/2018,16/04/2018
KipiWall1@TRANSPORT,Kipi Wallbridge-Paea,13/01/2014,18/04/2018,18/04/2018
ThomasWa1@TRANSPORT,Thomas Wakeman,11/12/2017,18/04/2018,18/04/2018
HyoJunPa1@TRANSPORT,Jun Park,14/01/2018,18/04/2018,18/04/2018
HormozEt1@TRANSPORT,Hormoz Etemad,14/01/2018,19/04/2018,19/04/2018
PrinethF1@TRANSPORT,Prineth Fernando,14/01/2018,27/04/2018,27/04/2018
RogerWar1@TRANSPORT,Roger Ward,14/01/2018,27/04/2018,27/04/2018
BrettEls1@TRANSPORT,Brett Elston,05/04/2017,29/04/2018,29/04/2018
RositaCh1@TRANSPORT,Rosita Chan,20/01/2017,30/04/2018,30/04/2018
KeithPau1@TRANSPORT,Keith Pauw,19/10/2016,30/04/2018,30/04/2018
KasivisB1@TRANSPORT,Kasi Balasubramanian,30/04/2018,30/04/2018,30/04/2018
HilariCa1@TRANSPORT,Hilario Cachero,27/07/2016,30/04/2018,30/04/2018
BrianWol1@TRANSPORT,Brian Wolfman,14/01/2018,30/04/2018,30/04/2018
JamesBro1@TRANSPORT,James Brown,30/04/2018,30/04/2018,30/04/2018
KaitlinC1@TRANSPORT,Kaitlin Chuo,27/11/2016,01/05/2018,01/05/2018
MargarFi1@TRANSPORT,Margaret Firth,09/11/2016,01/05/2018,01/05/2018
TanieluS1@TRANSPORT,Tanielu Selesele,01/05/2018,01/05/2018,01/05/2018
JejyJose1@TRANSPORT,Joseph Jose,30/04/2018,01/05/2018,01/05/2018
MarcLove1@TRANSPORT,Marc Love,07/02/2018,01/05/2018,01/05/2018
CrystalC1@TRANSPORT,Crystal Chan,01/05/2018,01/05/2018,01/05/2018
KimdonNg1@TRANSPORT,Kimdon Nguyen,03/09/2014,07/04/2017,07/04/2017
PriyankP1@TRANSPORT,Priyanka Patel,24/03/2014,09/11/2014,31/12/1969
VictoriH1@TRANSPORT,Victoria Hoffmann,27/09/2016,28/09/2016,28/09/2016
MusharHo1@TRANSPORT,Musharraf Hossain,14/01/2018,19/01/2018,19/01/2018
CatheriY1@TRANSPORT,Catherine Yung,14/01/2018,19/02/2018,19/02/2018
MichaeRi1@TRANSPORT,Michael Riley,05/09/2016,23/02/2018,23/02/2018
KennetLe1@TRANSPORT,Ken Lee-Jones,13/01/2014,28/02/2018,28/02/2018
PerinGer1@TRANSPORT,Perin Gerrand,26/10/2016,06/03/2018,06/03/2018
KevinGly1@TRANSPORT,Kevin Glynn,04/12/2017,08/03/2018,08/03/2018
DuncanKi1@TRANSPORT,Duncan Kirkman,19/06/2017,13/03/2018,13/03/2018
RaviChan1@TRANSPORT,Ravi Chandrappa,19/06/2016,13/03/2018,13/03/2018
MinLiang1@TRANSPORT,Minnie Liang,14/01/2018,20/03/2018,20/03/2018
CliveDal1@TRANSPORT,Clive Dale,05/09/2016,20/03/2018,20/03/2018
JulianaR1@TRANSPORT,Juliana Rodriguez Pinzon,07/12/2017,21/03/2018,20/03/2018
RobertCa1@TRANSPORT,Rob Cann,03/10/2017,22/03/2018,22/03/2018
TipaComp1@TRANSPORT,Tipa Compain,22/04/2014,23/03/2018,23/03/2018
NicolaKe1@TRANSPORT,Nikki Kenward,28/09/2017,03/04/2018,03/04/2018
ShwetaRa1@TRANSPORT,Shweta Rattan,24/10/2017,03/04/2018,03/04/2018
ShashidL1@TRANSPORT,Shashi Lakshminarasimhaiah,05/11/2014,09/04/2018,09/04/2018
ScottEbb1@TRANSPORT,Scott Ebbett,22/11/2017,09/04/2018,09/04/2018
VukasiSi1@TRANSPORT,Vukasin Sibinovski,27/02/2018,11/04/2018,11/04/2018
PragatVa1@TRANSPORT,Pragati Vasisht,06/12/2017,10/04/2018,10/04/2018
ChrisWhe1@TRANSPORT,Chris Wheldon,18/08/2016,12/04/2018,12/04/2018
JagathRu1@TRANSPORT,Jagath Rupasinghe,12/03/2018,15/04/2018,15/04/2018
WalterMa1@TRANSPORT,Walter MacDonald,25/02/2018,15/04/2018,15/04/2018
MalcolmM1@TRANSPORT,Malcolm McAulay,20/04/2017,17/04/2018,17/04/2018
ClaudiaM1@TRANSPORT,Claudia Moreira,04/04/2018,17/04/2018,17/04/2018
HannoWil1@TRANSPORT,Hanno Willers,24/05/2017,20/04/2018,20/04/2018
HarshdeB1@TRANSPORT,Harshdeep Batta,06/03/2018,23/04/2018,23/04/2018
JoeMcDou1@TRANSPORT,Joe McDougall,14/01/2018,28/04/2018,28/04/2018
MathewRu1@TRANSPORT,Mathew Rudez,02/10/2017,26/04/2018,26/04/2018
TasBarsd1@TRANSPORT,Tas Barsdell,28/03/2017,27/04/2018,27/04/2018
ChaturaS1@TRANSPORT,Chatura Siriwardane,15/01/2018,30/04/2018,30/04/2018
MudithBa1@TRANSPORT,Muditha Balalle,05/09/2016,30/04/2018,30/04/2018
PatriciD1@TRANSPORT,Patricia Vasconcelos,06/03/2014,01/05/2018,01/05/2018
JacquelN1@TRANSPORT,Jacqui Nordstrand,03/04/2017,30/04/2018,30/04/2018
OliviaDo1@TRANSPORT,Olivia Donze,14/01/2018,01/05/2018,01/05/2018
IrshadPa2@TRANSPORT,Irshad Pasha,30/04/2018,30/04/2018,30/04/2018
NickRent1@TRANSPORT,Nick Renton,30/04/2018,30/04/2018,30/04/2018
MonikaCh1@TRANSPORT,Monika Chouhan,30/04/2018,01/05/2018,01/05/2018
KieranOD1@TRANSPORT,Kieran O'Donnell,24/10/2017,01/05/2018,01/05/2018
esri_ar,Esri Arabic,24/10/2011,08/03/2013,
ATGISESSP02_@TRANSPORT,ATGISESSP02_@TRANSPORT,30/04/2018,30/04/2018,01/05/2018
