﻿<?xml version="1.0" encoding="utf-8" ?>
<Sessions>
  <!-- Raw data extracted from http://live.visitmix.com/ public website using http://open.dapper.net -->
  <Location source="[GISAdmin].[GISWSL].[Tmp_JJ_WLPipe]" DBCondition="EQUIP_ID={0}" destination="W_Valve" destinationFld="EQUIP_ID">
  </Location>
  <Session groupName="Session" type="group">
    <Field dataType="String" fieldName="FAC_CODE" type="field">Vishwas Lele</Field>
    <Field dataType="String" fieldName="FAC_DESC" type="field">Breakers D</Field>
    <Field dataType="int" fieldName="PROC_CODE" type="field">Cloud computing cloud</Field>
    <Field dataType="Date" fieldName="INSTALLED" type="field">Mon, Apr 11 9:00 AM - 12:30 PM</Field>
    <Field dataType="int" fieldName="LENGTH" type="field">53.4</Field>
  </Session>
</Sessions>