<?xml version="1.0" encoding="UTF-8"?>
<!-- Example containing features from a High-Level SIGWX chart, with the exception of named hazards -->
<wxxm:SignificantWeatherDepiction xmlns:gml="http://www.opengis.net/gml/3.2" xmlns:aixm="http://www.aixm.aero/schema/5.1.1" xmlns:iwxxm="http://icao.int/iwxxm/1.0" xmlns:iwxxm-us="http://nws.weather.gov/schemas/IWXXM-US/1.0/Release" xmlns:metce="http://def.wmo.int/metce/2013" xmlns:om="http://www.opengis.net/om/2.0" xmlns:sams="http://www.opengis.net/samplingSpatial/2.0" xmlns:sf="http://www.opengis.net/sampling/2.0" xmlns:wxxm="http://www.wxxm.aero/wxxm/2.1" xmlns:xlink="http://www.w3.org/1999/xlink" xmlns:xsi="http://www.w3.org/2001/XMLSchema-instance"
  xsi:schemaLocation="http://www.wxxm.aero/wxxm/2.1 http://www.wxxm.aero/schema/2.1/wxxm.xsd"
  status="NORMAL" gml:id="sigwx-high-KMBC-201410280000Z">
  <wxxm:originatingMeteorologicalWatchOffice>
    <aixm:Unit gml:id="uuid.f326072d-355e-5dba-81a7-45fb817a4800">
      <gml:identifier codeSpace="urn:uuid:">f326072d-355e-5dba-81a7-45fb817a4800</gml:identifier>
      <aixm:timeSlice>
        <aixm:UnitTimeSlice gml:id="uts1">
          <gml:validTime xlink:href="#ti-20141028T0000Z"/>
          <aixm:interpretation>BASELINE</aixm:interpretation>
          <aixm:name>WORLD AREA FORECAST CENTER WASHINGTON</aixm:name>
          <aixm:type>MWO</aixm:type>
          <aixm:designator>KWBC</aixm:designator>
        </aixm:UnitTimeSlice>
      </aixm:timeSlice>
    </aixm:Unit>
  </wxxm:originatingMeteorologicalWatchOffice>
  
  <wxxm:forecast>
    <om:OM_Observation gml:id="forecast">
      <om:type xlink:href="http://codes.wmo.int/49-2/observation-type/WXXM/2.0/SIGWXforecast"/>
      <om:phenomenonTime>
        <gml:TimeInstant gml:id="ti-20141029T0000Z">
          <gml:timePosition>2014-10-29T00:00:00Z</gml:timePosition>
        </gml:TimeInstant>
      </om:phenomenonTime>
      <!-- time at which the results of the observation were made available -->
      <om:resultTime>
        <gml:TimeInstant gml:id="ti-20141028T0000Z">
          <gml:timePosition>2014-10-28T00:00:00Z</gml:timePosition>
        </gml:TimeInstant>
      </om:resultTime>
      <om:procedure>
        <metce:Process gml:id="p-49-2-sigwx">
          <gml:description>WMO No. 49 Volume 2 Meteorological Service for International Air Navigation APPENDIX 6-1 TECHNICAL SPECIFICATIONS RELATED TO AIRMET INFORMATION</gml:description>
        </metce:Process>
      </om:procedure>
      <om:observedProperty xlink:href="http://codes.wmo.int/49-2/observable-property/SIGWXforecast"/>
      <om:featureOfInterest>
        <wxxm:AreaOfInterest gml:id="world">
          <gml:location>
            <gml:Polygon gml:id="worldPoly" srsName="http://www.opengis.net/def/crs/EPSG/0/4326">
              <gml:exterior>
                <gml:LinearRing>
                  <gml:posList>-90 -180 90 -180 90 180 -90 180 -90 -180</gml:posList>
                </gml:LinearRing>
              </gml:exterior>
            </gml:Polygon>
          </gml:location>
        </wxxm:AreaOfInterest>
      </om:featureOfInterest>
      <om:result>
        
        <wxxm:SignificantWeatherRecord gml:id="record1">
          
          <!-- Named Hazards -->
          <!-- Tropical Cyclone Nilofar off the coast Pakistan-->
          <wxxm:hazard>
            <wxxm:NamedHazard gml:id="sigwx-high-KMBC-201410280000Z-tc-1">
              <wxxm:location>
                <gml:Point srsName="http://www.opengis.net/def/crs/EPSG/0/4326" gml:id="pt30">
                  <gml:pos>18.0 61.2</gml:pos>
                </gml:Point>
              </wxxm:location>
              <wxxm:hazardType>Tropical Storm</wxxm:hazardType>
              <wxxm:hazardName>Nilofar</wxxm:hazardName>
            </wxxm:NamedHazard>
          </wxxm:hazard>
          <!-- Sinabung volcano in Sumatra -->
          <wxxm:hazard>
            <wxxm:NamedHazard gml:id="sigwx-high-KMBC-201410280000Z-volcano-1">
              <wxxm:location>
                <gml:Point srsName="http://www.opengis.net/def/crs/EPSG/0/4326" gml:id="pt31">
                  <gml:pos>3.2 98.4</gml:pos>
                </gml:Point>
              </wxxm:location>
              <!-- hazardTime Generally not used, but when it is it indicates the "incident time"
              for either a VOLCANO or RADIATION-->
              <wxxm:hazardTime>
                <gml:TimeInstant gml:id="ti-20141013">
                  <gml:timePosition>2014-10-13</gml:timePosition>
                </gml:TimeInstant>
              </wxxm:hazardTime>
              <wxxm:hazardType>Volcano</wxxm:hazardType>
              <wxxm:hazardName>Sinabung</wxxm:hazardName>
            </wxxm:NamedHazard>
          </wxxm:hazard>
          
          <!-- Jet stream with a maximum of 140 kts over Scandanavia and Russia -->
          <wxxm:jet>
            <wxxm:JetFeature gml:id="jf2">
              <wxxm:jetPoint>
                <wxxm:JetPoint gml:id="jpt6">
                  <wxxm:jetPointLocation>
                    <gml:Point srsName="http://www.opengis.net/def/crs/EPSG/0/4326" gml:id="pt6">
                      <gml:pos>60.2 -21.9</gml:pos>
                    </gml:Point>
                  </wxxm:jetPointLocation>
                  <wxxm:jetCoreAltitude uom="ft_i">28000</wxxm:jetCoreAltitude>
                  <wxxm:jetCoreAltitudeReference>STD</wxxm:jetCoreAltitudeReference>
                  <wxxm:jetSpeed uom="kt_i">80</wxxm:jetSpeed>
                </wxxm:JetPoint>
              </wxxm:jetPoint>
              <!-- Barb in BUFR -->
              <wxxm:jetPoint>
                <wxxm:JetPoint gml:id="jpt7">
                  <wxxm:jetPointLocation>
                    <gml:Point srsName="http://www.opengis.net/def/crs/EPSG/0/4326" gml:id="pt7">
                      <gml:pos>59.5 -15.6</gml:pos>
                    </gml:Point>
                  </wxxm:jetPointLocation>
                  <wxxm:jetCoreAltitude uom="ft_i">28000</wxxm:jetCoreAltitude>
                  <wxxm:jetCoreAltitudeReference>STD</wxxm:jetCoreAltitudeReference>
                  <wxxm:jetSpeed uom="kt_i">100</wxxm:jetSpeed>
                </wxxm:JetPoint>
              </wxxm:jetPoint>
              <wxxm:jetPoint>
                <wxxm:JetPoint gml:id="jpt8">
                  <wxxm:jetPointLocation>
                    <gml:Point srsName="http://www.opengis.net/def/crs/EPSG/0/4326" gml:id="pt8">
                      <gml:pos>58.8 -8.7</gml:pos>
                    </gml:Point>
                  </wxxm:jetPointLocation>
                  <wxxm:jetCoreAltitude uom="ft_i">28000</wxxm:jetCoreAltitude>
                  <wxxm:jetCoreAltitudeReference>STD</wxxm:jetCoreAltitudeReference>
                  <wxxm:jetSpeed uom="kt_i">100</wxxm:jetSpeed>
                </wxxm:JetPoint>
              </wxxm:jetPoint>
              <wxxm:jetPoint>
                <wxxm:JetPoint gml:id="jpt9">
                  <wxxm:jetPointLocation>
                    <gml:Point srsName="http://www.opengis.net/def/crs/EPSG/0/4326" gml:id="pt9">
                      <gml:pos>58.8 3.3</gml:pos>
                    </gml:Point>
                  </wxxm:jetPointLocation>
                  <wxxm:jetCoreAltitude uom="ft_i">28000</wxxm:jetCoreAltitude>
                  <wxxm:jetCoreAltitudeReference>STD</wxxm:jetCoreAltitudeReference>
                  <wxxm:jetSpeed uom="kt_i">100</wxxm:jetSpeed>
                </wxxm:JetPoint>
              </wxxm:jetPoint>
              <!-- Hash in BUFR -->
              <wxxm:jetPoint>
                <wxxm:JetPoint gml:id="jpt10">
                  <wxxm:jetPointLocation>
                    <gml:Point srsName="http://www.opengis.net/def/crs/EPSG/0/4326" gml:id="pt10">
                      <gml:pos>61.0 8.2</gml:pos>
                    </gml:Point>
                  </wxxm:jetPointLocation>
                  <wxxm:jetCoreAltitude uom="ft_i">28000</wxxm:jetCoreAltitude>
                  <wxxm:jetCoreAltitudeReference>STD</wxxm:jetCoreAltitudeReference>
                  <wxxm:jetSpeed uom="kt_i">120</wxxm:jetSpeed>
                </wxxm:JetPoint>
              </wxxm:jetPoint>
              <wxxm:jetPoint>
                <wxxm:JetPoint gml:id="jpt11">
                  <wxxm:jetPointLocation>
                    <gml:Point srsName="http://www.opengis.net/def/crs/EPSG/0/4326" gml:id="pt11">
                      <gml:pos> 64.0 13.7</gml:pos>
                    </gml:Point>
                  </wxxm:jetPointLocation>
                  <wxxm:jetCoreAltitude uom="ft_i">28000</wxxm:jetCoreAltitude>
                  <wxxm:jetCoreAltitudeReference>STD</wxxm:jetCoreAltitudeReference>
                  <wxxm:jetSpeed uom="kt_i">120</wxxm:jetSpeed>
                </wxxm:JetPoint>
              </wxxm:jetPoint>
              <!-- Barb in BUFR -->
              <wxxm:jetPoint>
                <wxxm:JetPoint gml:id="jpt12">
                  <!-- Above 120 kts so require vertical extent -->
                  <wxxm:verticalExtent>
                    <wxxm:JetPointVerticalExtent>
                      <wxxm:jetLowerLimit uom="ft_i">21000</wxxm:jetLowerLimit>
                      <wxxm:jetLowerLimitReference>STD</wxxm:jetLowerLimitReference>
                      <wxxm:jetUpperLimit uom="ft_">37000</wxxm:jetUpperLimit>
                      <wxxm:jetUpperLimitReference>STD</wxxm:jetUpperLimitReference>
                    </wxxm:JetPointVerticalExtent>
                  </wxxm:verticalExtent>
                  <wxxm:jetPointLocation>
                    <gml:Point srsName="http://www.opengis.net/def/crs/EPSG/0/4326" gml:id="pt12">
                      <gml:pos>66.7 18.8</gml:pos>
                    </gml:Point>
                  </wxxm:jetPointLocation>
                  <wxxm:jetCoreAltitude uom="ft_i">28000</wxxm:jetCoreAltitude>
                  <wxxm:jetCoreAltitudeReference>STD</wxxm:jetCoreAltitudeReference>
                  <wxxm:jetSpeed uom="kt_i">140</wxxm:jetSpeed>
                </wxxm:JetPoint>
              </wxxm:jetPoint>
              <wxxm:jetPoint>
                <wxxm:JetPoint gml:id="jpt13">
                  <!-- Above 120 kts so require vertical extent -->
                  <wxxm:verticalExtent>
                    <wxxm:JetPointVerticalExtent>
                      <wxxm:jetLowerLimit uom="ft_i">21000</wxxm:jetLowerLimit>
                      <wxxm:jetLowerLimitReference>STD</wxxm:jetLowerLimitReference>
                      <wxxm:jetUpperLimit uom="ft_">37000</wxxm:jetUpperLimit>
                      <wxxm:jetUpperLimitReference>STD</wxxm:jetUpperLimitReference>
                    </wxxm:JetPointVerticalExtent>
                  </wxxm:verticalExtent>
                  <wxxm:jetPointLocation>
                    <gml:Point srsName="http://www.opengis.net/def/crs/EPSG/0/4326" gml:id="pt13">
                      <gml:pos>69.6 27.8</gml:pos>
                    </gml:Point>
                  </wxxm:jetPointLocation>
                  <wxxm:jetCoreAltitude uom="ft_i">28000</wxxm:jetCoreAltitude>
                  <wxxm:jetCoreAltitudeReference>STD</wxxm:jetCoreAltitudeReference>
                  <wxxm:jetSpeed uom="kt_i">140</wxxm:jetSpeed>
                </wxxm:JetPoint>
              </wxxm:jetPoint>
              <!-- Barb in BUFR -->
              <wxxm:jetPoint>
                <wxxm:JetPoint gml:id="jpt14">
                  <wxxm:jetPointLocation>
                    <gml:Point srsName="http://www.opengis.net/def/crs/EPSG/0/4326" gml:id="pt14">
                      <gml:pos>69.5 36.2</gml:pos>
                    </gml:Point>
                  </wxxm:jetPointLocation>
                  <wxxm:jetCoreAltitude uom="ft_i">28000</wxxm:jetCoreAltitude>
                  <wxxm:jetCoreAltitudeReference>STD</wxxm:jetCoreAltitudeReference>
                  <wxxm:jetSpeed uom="kt_i">120</wxxm:jetSpeed>
                </wxxm:JetPoint>
              </wxxm:jetPoint>
              <wxxm:jetPoint>
                <wxxm:JetPoint gml:id="jpt15">
                  <wxxm:jetPointLocation>
                    <gml:Point srsName="http://www.opengis.net/def/crs/EPSG/0/4326" gml:id="pt15">
                      <gml:pos>67.8 44.0</gml:pos>
                    </gml:Point>
                  </wxxm:jetPointLocation>
                  <wxxm:jetCoreAltitude uom="ft_i">28000</wxxm:jetCoreAltitude>
                  <wxxm:jetCoreAltitudeReference>STD</wxxm:jetCoreAltitudeReference>
                  <wxxm:jetSpeed uom="kt_i">120</wxxm:jetSpeed>
                </wxxm:JetPoint>
              </wxxm:jetPoint>
              <!-- Barb in BUFR -->
              <wxxm:jetPoint>
                <wxxm:JetPoint gml:id="jpt16">
                  <!-- Above 120 kts so require vertical extent -->
                  <wxxm:verticalExtent>
                    <wxxm:JetPointVerticalExtent>
                      <wxxm:jetLowerLimit uom="ft_i">21000</wxxm:jetLowerLimit>
                      <wxxm:jetLowerLimitReference>STD</wxxm:jetLowerLimitReference>
                      <wxxm:jetUpperLimit uom="ft_">37000</wxxm:jetUpperLimit>
                      <wxxm:jetUpperLimitReference>STD</wxxm:jetUpperLimitReference>
                    </wxxm:JetPointVerticalExtent>
                  </wxxm:verticalExtent>
                  <wxxm:jetPointLocation>
                    <gml:Point srsName="http://www.opengis.net/def/crs/EPSG/0/4326" gml:id="pt16">
                      <gml:pos>63.9 51.8</gml:pos>
                    </gml:Point>
                  </wxxm:jetPointLocation>
                  <wxxm:jetCoreAltitude uom="ft_i">28000</wxxm:jetCoreAltitude>
                  <wxxm:jetCoreAltitudeReference>STD</wxxm:jetCoreAltitudeReference>
                  <wxxm:jetSpeed uom="kt_i">140</wxxm:jetSpeed>
                </wxxm:JetPoint>
              </wxxm:jetPoint>
              <!-- Hash in BUFR -->
              <wxxm:jetPoint>
                <wxxm:JetPoint gml:id="jpt17">
                  <wxxm:jetPointLocation>
                    <gml:Point srsName="http://www.opengis.net/def/crs/EPSG/0/4326" gml:id="pt17">
                      <gml:pos>61.6 55.2</gml:pos>
                    </gml:Point>
                  </wxxm:jetPointLocation>
                  <wxxm:jetCoreAltitude uom="ft_i">28000</wxxm:jetCoreAltitude>
                  <wxxm:jetCoreAltitudeReference>STD</wxxm:jetCoreAltitudeReference>
                  <wxxm:jetSpeed uom="kt_i">120</wxxm:jetSpeed>
                </wxxm:JetPoint>
              </wxxm:jetPoint>
              <wxxm:jetPoint>
                <wxxm:JetPoint gml:id="jpt18">
                  <wxxm:jetPointLocation>
                    <gml:Point srsName="http://www.opengis.net/def/crs/EPSG/0/4326" gml:id="pt18">
                      <gml:pos>61.13 55.90</gml:pos>
                    </gml:Point>
                  </wxxm:jetPointLocation>
                  <wxxm:jetCoreAltitude uom="ft_i">28000</wxxm:jetCoreAltitude>
                  <wxxm:jetCoreAltitudeReference>STD</wxxm:jetCoreAltitudeReference>
                  <wxxm:jetSpeed uom="kt_i">140</wxxm:jetSpeed>
                </wxxm:JetPoint>
              </wxxm:jetPoint>
              <wxxm:jetPoint>
                <wxxm:JetPoint gml:id="jpt19">
                  <wxxm:jetPointLocation>
                    <gml:Point srsName="http://www.opengis.net/def/crs/EPSG/0/4326" gml:id="pt19">
                      <gml:pos>61.1 55.9</gml:pos>
                    </gml:Point>
                  </wxxm:jetPointLocation>
                  <wxxm:jetCoreAltitude uom="ft_i">28000</wxxm:jetCoreAltitude>
                  <wxxm:jetCoreAltitudeReference>STD</wxxm:jetCoreAltitudeReference>
                  <wxxm:jetSpeed uom="kt_i">120</wxxm:jetSpeed>
                </wxxm:JetPoint>
              </wxxm:jetPoint>
              <wxxm:jetPoint>
                <wxxm:JetPoint gml:id="jpt20">
                  <wxxm:jetPointLocation>
                    <gml:Point srsName="http://www.opengis.net/def/crs/EPSG/0/4326" gml:id="pt20">
                      <gml:pos>57.3 63.1</gml:pos>
                    </gml:Point>
                  </wxxm:jetPointLocation>
                  <wxxm:jetCoreAltitude uom="ft_i">28000</wxxm:jetCoreAltitude>
                  <wxxm:jetCoreAltitudeReference>STD</wxxm:jetCoreAltitudeReference>
                  <wxxm:jetSpeed uom="kt_i">120</wxxm:jetSpeed>
                </wxxm:JetPoint>
              </wxxm:jetPoint>
              <!-- Hash in BUFR -->
              <wxxm:jetPoint>
                <wxxm:JetPoint gml:id="jpt21">
                  <wxxm:jetPointLocation>
                    <gml:Point srsName="http://www.opengis.net/def/crs/EPSG/0/4326" gml:id="pt21">
                      <gml:pos>56.0 70.7</gml:pos>
                    </gml:Point>
                  </wxxm:jetPointLocation>
                  <wxxm:jetCoreAltitude uom="ft_i">28000</wxxm:jetCoreAltitude>
                  <wxxm:jetCoreAltitudeReference>STD</wxxm:jetCoreAltitudeReference>
                  <wxxm:jetSpeed uom="kt_i">100</wxxm:jetSpeed>
                </wxxm:JetPoint>
              </wxxm:jetPoint>
              <wxxm:jetPoint>
                <wxxm:JetPoint gml:id="jpt22">
                  <wxxm:jetPointLocation>
                    <gml:Point srsName="http://www.opengis.net/def/crs/EPSG/0/4326" gml:id="pt22">
                      <gml:pos>55.1 77.1</gml:pos>
                    </gml:Point>
                  </wxxm:jetPointLocation>
                  <wxxm:jetCoreAltitude uom="ft_i">28000</wxxm:jetCoreAltitude>
                  <wxxm:jetCoreAltitudeReference>STD</wxxm:jetCoreAltitudeReference>
                  <wxxm:jetSpeed uom="kt_i">80</wxxm:jetSpeed>
                </wxxm:JetPoint>
              </wxxm:jetPoint>
            </wxxm:JetFeature>
          </wxxm:jet>
          
          <!-- Convective Cloud (Cumulonimbus areas) -->
          <!-- Closed area over the northern Atlantic Ocean -->
          <wxxm:convectiveCloud>
            <wxxm:ConvectiveCloud gml:id="sigwx-high-KMBC-201410280000Z-cb-1">
              <wxxm:cloudDistribution xlink:href="http://codes.wmo.int/bufr4/codeflag/0-20-008/9"/>
              <wxxm:geometry>
                <aixm:AirspaceVolume gml:id="airspace4">
                  <aixm:upperLimit uom="FL">320</aixm:upperLimit>
                  <aixm:upperLimitReference>STD</aixm:upperLimitReference>
                  <aixm:horizontalProjection>
                    <aixm:Surface gml:id="sfc004" uomLabels="Lat Lon" srsDimension="2" srsName="http://www.opengis.net/def/crs/EPSG/0/4326">
                      <gml:patches>
                        <gml:PolygonPatch>
                          <gml:exterior>
                            <gml:LinearRing>
                              <gml:posList>44.5 -33.8 47.9 -30.3 46.7 -45.9 44.4 -39.8 39.8 -43.1 44.5 -33.8</gml:posList>
                            </gml:LinearRing>
                          </gml:exterior>
                        </gml:PolygonPatch>
                      </gml:patches>
                    </aixm:Surface>
                  </aixm:horizontalProjection>
                </aixm:AirspaceVolume>
              </wxxm:geometry>
            </wxxm:ConvectiveCloud>
          </wxxm:convectiveCloud>
          
          <!-- Tropopasue Points -->
          <!-- Height points -->
          <wxxm:tropopause>
            <wxxm:Tropopause gml:id="sigwx-high-KMBC-201410280000Z-trop-1">
              <wxxm:location>
                <gml:Point srsName="http://www.opengis.net/def/crs/EPSG/0/4326" gml:id="pt23">
                  <gml:pos>73.4 -24.2</gml:pos>
                </gml:Point>
              </wxxm:location>
              <wxxm:tropopauseHeight uom="ft_i">27000</wxxm:tropopauseHeight>
              <wxxm:tropopauseHeightReference>STD</wxxm:tropopauseHeightReference>
            </wxxm:Tropopause>
          </wxxm:tropopause>
          <wxxm:tropopause>
            <wxxm:Tropopause gml:id="sigwx-high-KMBC-201410280000Z-trop-2">
              <wxxm:location>
                <gml:Point srsName="http://www.opengis.net/def/crs/EPSG/0/4326" gml:id="pt24">
                  <gml:pos>30.8 7.8</gml:pos>
                </gml:Point>
              </wxxm:location>
              <wxxm:tropopauseHeight uom="ft_i">39000</wxxm:tropopauseHeight>
              <wxxm:tropopauseHeightReference>STD</wxxm:tropopauseHeightReference>
            </wxxm:Tropopause>
          </wxxm:tropopause>
          <!-- Local Maxima -->
          <wxxm:tropopause>
            <wxxm:Tropopause gml:id="sigwx-high-KMBC-201410280000Z-trop-5">
              <wxxm:location>
                <gml:Point srsName="http://www.opengis.net/def/crs/EPSG/0/4326" gml:id="pt27">
                  <gml:pos>53.6 29.8</gml:pos>
                </gml:Point>
              </wxxm:location>
              <wxxm:tropopauseHeight uom="ft_i">40000</wxxm:tropopauseHeight>
              <wxxm:tropopauseHeightReference>STD</wxxm:tropopauseHeightReference>
              <wxxm:tropopauseHeightType xlink:href="http://codes.wmo.int/bufr4/codeflag/0-08-023/2"/>
            </wxxm:Tropopause>
          </wxxm:tropopause>
          <!-- Local Minima -->
          <wxxm:tropopause>
            <wxxm:Tropopause gml:id="sigwx-high-KMBC-201410280000Z-trop-7">
              <wxxm:location>
                <gml:Point srsName="http://www.opengis.net/def/crs/EPSG/0/4326" gml:id="pt29">
                  <gml:pos>42.4 17.2</gml:pos>
                </gml:Point>
              </wxxm:location>
              <wxxm:tropopauseHeight uom="ft_i">30000</wxxm:tropopauseHeight>
              <wxxm:tropopauseHeightReference>STD</wxxm:tropopauseHeightReference>
              <wxxm:tropopauseHeightType xlink:href="http://codes.wmo.int/bufr4/codeflag/0-08-023/3"/>
            </wxxm:Tropopause>
          </wxxm:tropopause>
                    
          <!-- In-cloud hazard -->
          <!-- Only included in Mid-Level SIGWX -->
          <!-- Un-closed area over mid atlantic, bounded by cb-1 -->
          <wxxm:inCloudHazard>
            <wxxm:InCloudHazard gml:id="sigwx-high-KMBC-201410280000Z-icit-1">
              <wxxm:cloudTurbulence>
                <wxxm:InCloudTurbulence>
                  <wxxm:severity xlink:href="http://codes.wmo.int/bufr4/codeflag/0-11-030/2"/>
                  <wxxm:upperLimit uom="ft_i">20000</wxxm:upperLimit>
                  <wxxm:upperLimitReference>STD</wxxm:upperLimitReference>
                </wxxm:InCloudTurbulence>
              </wxxm:cloudTurbulence>
              <wxxm:cloudIcing>
                <wxxm:InCloudIcing>
                  <wxxm:severity xlink:href="http://codes.wmo.int/bufr4/codeflag/0-20-041/5"/>
                  <wxxm:upperLimit uom="ft_i">18000</wxxm:upperLimit>
                  <wxxm:upperLimitReference>STD</wxxm:upperLimitReference>
                </wxxm:InCloudIcing>
              </wxxm:cloudIcing>
              <wxxm:geometry>
                <aixm:AirspaceVolume gml:id="airspace5">
                  <aixm:upperLimit uom="FL">200</aixm:upperLimit>
                  <aixm:upperLimitReference>STD</aixm:upperLimitReference>
                  <aixm:horizontalProjection>
                    <aixm:Surface gml:id="sfc005" uomLabels="Lat Lon" srsDimension="2" srsName="http://www.opengis.net/def/crs/EPSG/0/4326">
                      <gml:patches>
                        <gml:PolygonPatch>
                          <gml:exterior>
                            <!-- Ring for unclosed area -->
                            <gml:Ring>
                              <gml:curveMember>
                                <gml:Curve gml:id="c1">
                                  <gml:segments>
                                    <gml:LineStringSegment>
                                      <gml:posList>48.8 -30.6 50.2 -30.3 50.9 -35.7 50.3 -44.3 48.1 -50.7 45.7 -50.4 43.6 -46.2 42.6 -42.0</gml:posList>
                                    </gml:LineStringSegment>
                                  </gml:segments>
                                </gml:Curve>
                              </gml:curveMember>
                            </gml:Ring>
                          </gml:exterior>
                        </gml:PolygonPatch>
                      </gml:patches>
                    </aixm:Surface>
                  </aixm:horizontalProjection>
                </aixm:AirspaceVolume>
              </wxxm:geometry>
            </wxxm:InCloudHazard>
          </wxxm:inCloudHazard>
          
          <!-- Two nested areas of turbulence over Scandanavia and Russia -->
          <wxxm:turbulence>
            <wxxm:ClearAirTurbulence gml:id="sigwx-high-KMBC-201410280000Z-turbulence-2">
              <wxxm:severity xlink:href="http://codes.wmo.int/bufr4/codeflag/0-11-030/2"/>
              <wxxm:geometry>
                <aixm:AirspaceVolume gml:id="airspace2">
                  <aixm:upperLimit uom="FL">300</aixm:upperLimit>
                  <aixm:upperLimitReference>STD</aixm:upperLimitReference>
                  <aixm:horizontalProjection>
                    <aixm:Surface gml:id="sfc002" uomLabels="Lat Lon" srsDimension="2" srsName="http://www.opengis.net/def/crs/EPSG/0/4326">
                      <gml:patches>
                        <gml:PolygonPatch>
                          <gml:exterior>
                            <gml:LinearRing>
                              <gml:posList>63.20 12.86 65.12 8.58 70.25 18.91 73.95 26.86 70.38 50.71 60.75 58.46 58.84 58.86 65.71 47.33 69.23 26.61 63.20 12.86</gml:posList>
                            </gml:LinearRing>
                          </gml:exterior>
                        </gml:PolygonPatch>
                      </gml:patches>
                    </aixm:Surface>
                  </aixm:horizontalProjection>
                </aixm:AirspaceVolume>
              </wxxm:geometry>
            </wxxm:ClearAirTurbulence>
          </wxxm:turbulence>
          <wxxm:turbulence>
            <wxxm:ClearAirTurbulence gml:id="sigwx-high-KMBC-201410280000Z-turbulence-3">
              <wxxm:severity xlink:href="http://codes.wmo.int/bufr4/codeflag/0-11-030/3"/>
              <wxxm:geometry>
                <aixm:AirspaceVolume gml:id="airspace3">
                  <aixm:upperLimit uom="FL">280</aixm:upperLimit>
                  <aixm:upperLimitReference>STD</aixm:upperLimitReference>
                  <aixm:horizontalProjection>
                    <aixm:Surface gml:id="sfc003" uomLabels="Lat Lon" srsDimension="2" srsName="http://www.opengis.net/def/crs/EPSG/0/4326">
                      <gml:patches>
                        <gml:PolygonPatch>
                          <gml:exterior>
                            <gml:LinearRing>
                              <gml:posList>73.07 31.71 69.66 49.92 65.77 51.70 70.49 38.83 73.07 31.71</gml:posList>
                             </gml:LinearRing>
                          </gml:exterior>
                        </gml:PolygonPatch>
                      </gml:patches>
                    </aixm:Surface>
                  </aixm:horizontalProjection>
                </aixm:AirspaceVolume>
              </wxxm:geometry>
            </wxxm:ClearAirTurbulence>
          </wxxm:turbulence>
          
        </wxxm:SignificantWeatherRecord>
      
      </om:result>
    </om:OM_Observation>
  </wxxm:forecast>
</wxxm:SignificantWeatherDepiction>
