<?xml version="1.0" encoding="UTF-8"?>
<cap:alert xmlns:cap="urn:oasis:names:tc:emergency:cap:1.1" xmlns:xsi="http://www.w3.org/2001/XMLSchema-instance">
	<cap:identifier>66518413-a5aa-48a8-b947-73c54b576e28</cap:identifier>
	<cap:sender>Dean</cap:sender>
	<cap:sent>2020-07-08T09:04:29.8747513</cap:sent>
	<cap:status>Exercise</cap:status>
	<cap:msgType>Alert</cap:msgType>
	<cap:source>FME</cap:source>
	<cap:scope>Public</cap:scope>
	<cap:addresses>9272 Glover Road, Langley, BC</cap:addresses>
	<cap:info>
		<cap:language>en-US</cap:language>
		<cap:category>Safety</cap:category>
		<cap:event>flood</cap:event>
		<cap:responseType>Monitor</cap:responseType>
		<cap:urgency>Expected</cap:urgency>
		<cap:severity>Moderate</cap:severity>
		<cap:certainty>Observed</cap:certainty>
		<cap:description>Test Message:

Monitor flood levels on the Fraser River near Fort Langley.</cap:description>
		<cap:contact>dean@safe.com</cap:contact>
		<cap:area>
			<cap:areaDesc>Fraser River near Fort Langley</cap:areaDesc>
			<cap:polygon>-122.63,49.16 -122.51,49.16 -122.51,49.21 -122.63,49.21 -122.63,49.16</cap:polygon>
		</cap:area>
	</cap:info>
</cap:alert>