﻿<?xml version="1.0" encoding="utf-8" ?>
<Sessions>
  <!-- Raw data extracted from http://live.visitmix.com/ public website using http://open.dapper.net -->
  <Session groupName="Session" type="group">
    <Title dataType="RawString" fieldName="Title" href="http://channel9.msdn.com/events/MIX/MIX11/CMP04" originalElement="a" type="field">Cloud Computing with the Windows Azure Platform</Title>
    <Speaker dataType="RawString" fieldName="Speaker" href="http://live.visitmix.com/MIX11/Sessions/Speaker/Vishwas-Lele" originalElement="a" type="field">Vishwas Lele</Speaker>
    <Room dataType="RawString" fieldName="Room" originalElement="span" type="field">Breakers D</Room>
    <Date dataType="RawString" fieldName="Date" originalElement="span" type="field">Mon, Apr 11 9:00 AM - 12:30 PM</Date>
    <Description dataType="RawString" fieldName="Description" originalElement="p" type="field">Cloud computing is being viewed as the one of the most important concepts in IT going forward. In the last couple of years it has moved from high-level concept to a technology that is now seeing mainstream adoption. In this half-day workshop we will begin by discussing the what, why and how of cloud computing. After we have covered the fundamentals of cloud computing, we will dive deep into the Windows Azure platform. This will include a discussion of various building blocks, features, and tooling. Next, through a series of demos we’ll review a variety of features of the platform and patterns that can help you move your on-premise workloads to the cloud. Finally, we will discuss the economics of cloud including cost and SLA. What we expect of you is that you have a basic awareness around .NET and experience building web applications. What you can expect from us is a half-day bringing you up to speed on the essentials of building applications on the Azure platform. Vishwas Lele is an AIS Chief Technology Officer and is responsible for the company vision and execution of creating business solutions using the Microsoft Windows Azure Platform</Description>
    <Code dataType="RawString" fieldName="Code" originalElement="span" type="field">CMP04</Code>
    <Tag dataType="RawString" fieldName="Tag" href="http://live.visitmix.com/MIX11/Sessions/Tagged/Windows-Azure" originalElement="a" type="field">Windows Azure</Tag>
  </Session>
  <Session groupName="Session" type="group">
    <Title dataType="RawString" fieldName="Title" href="http://channel9.msdn.com/events/MIX/MIX11/CMP02" originalElement="a" type="field">Design, Content, Code: Start-to-Finish</Title>
    <Speaker dataType="RawString" fieldName="Speaker" href="http://live.visitmix.com/MIX11/Sessions/Speaker/Roman-Blagovirnyy" originalElement="a" type="field">Roman Blagovirnyy</Speaker>
    <Room dataType="RawString" fieldName="Room" originalElement="span" type="field">Lagoon H</Room>
    <Date dataType="RawString" fieldName="Date" originalElement="span" type="field">Mon, Apr 11 9:00 AM - 12:30 PM</Date>
    <Description dataType="RawString" fieldName="Description" originalElement="p" type="field">Ever wanted to learn how a professional, high-end, media-heavy, interactive site is built from start to finish? In this boot camp the senior team from award-winning User Experience Agency, Effective UI, will walk you through how they built an incredible new site for a very demanding organization. The project has not yet launched but it will be live before MIX. (Microsoft: Trust us, it is AWESOME!) The team will cover everything from initial UX consulting and requirements gathering to project management, design iterations, media development (video, audio, 3D), Silverlight development, HTML5, JavaScript, ASP.NET, Azure hosting, content management, to meeting client expectations. This is a boot camp that you do not want to miss!</Description>
    <Code dataType="RawString" fieldName="Code" originalElement="span" type="field">CMP02</Code>
    <Tag dataType="RawString" fieldName="Tag" href="http://live.visitmix.com/MIX11/Sessions/Tagged/Silverlight" originalElement="a" type="field">Silverlight</Tag>
  </Session>
  <Session groupName="Session" type="group">
    <Title dataType="RawString" fieldName="Title" href="http://channel9.msdn.com/events/MIX/MIX11/CMP06" originalElement="a" type="field">HTML5 Canvas Mastery</Title>
    <Speaker dataType="RawString" fieldName="Speaker" href="http://live.visitmix.com/MIX11/Sessions/Speaker/Lanny-McNie" originalElement="a" type="field">Lanny McNie</Speaker>
    <Speaker dataType="RawString" fieldName="Speaker" href="http://live.visitmix.com/MIX11/Sessions/Speaker/Shawn-Blais" originalElement="a" type="field">Shawn Blais</Speaker>
    <Room dataType="RawString" fieldName="Room" originalElement="span" type="field">Lagoon H</Room>
    <Date dataType="RawString" fieldName="Date" originalElement="span" type="field">Mon, Apr 11 1:30 PM - 5:00 PM</Date>
    <Description dataType="RawString" fieldName="Description" originalElement="p" type="field">In this boot camp we will take a comprehensive look at everything from simple shape and image drawing, to advanced techniques for building interactive experiences and games. We will also look at available tools to streamline development, and share some helpful tips on implementation, performance, and optimization. Lanny McNie and Shawn Blais are senior developers at gskinner.com, a leading interactive production shop focused on providing cutting-edge experiences in HTML5, Flash, iOS, and Android.</Description>
    <Code dataType="RawString" fieldName="Code" originalElement="span" type="field">CMP06</Code>
    <Tag dataType="RawString" fieldName="Tag" href="http://live.visitmix.com/MIX11/Sessions/Tagged/HTML5" originalElement="a" type="field">HTML5</Tag>
  </Session>
  <Session groupName="Session" type="group">
    <Title dataType="RawString" fieldName="Title" href="http://channel9.msdn.com/events/MIX/MIX11/CMP01" originalElement="a" type="field">HTML5/CSS3 Boot Camp</Title>
    <Speaker dataType="RawString" fieldName="Speaker" href="http://live.visitmix.com/MIX11/Sessions/Speaker/Stephanie-Rewis" originalElement="a" type="field">Stephanie Rewis</Speaker>
    <Room dataType="RawString" fieldName="Room" originalElement="span" type="field">Breakers L</Room>
    <Date dataType="RawString" fieldName="Date" originalElement="span" type="field">Mon, Apr 11 9:00 AM - 12:30 PM</Date>
    <Description dataType="RawString" fieldName="Description" originalElement="p" type="field">Although CSS3 rendering varies between browsers and HTML5 hasn`t reached the candidate recommendation stage yet, they're already the hot, new buzzwords and some intrepid front-end developers are already creating sites with them. Are these new techniques ready for prime time on the web? What happens with older browsers? In this session, Stephanie demonstrates the latest HTML5 structural elements, form markup, and ways of presenting audio and video; then she adds cutting-edge CSS3 features for easier implementation of visual effects, enhanced typography, color treatment, and object effects -- all with a focus on satisfying your cravings for tomorrow`s technologies through practical implementations today. Welcome to the next generation of web design!</Description>
    <Code dataType="RawString" fieldName="Code" originalElement="span" type="field">CMP01</Code>
    <Tag dataType="RawString" fieldName="Tag" href="http://live.visitmix.com/MIX11/Sessions/Tagged/HTML5" originalElement="a" type="field">HTML5</Tag>
  </Session>
  <Session groupName="Session" type="group">
    <Title dataType="RawString" fieldName="Title" href="http://channel9.msdn.com/events/MIX/MIX11/CMP05" originalElement="a" type="field">jQuery Boot Camp</Title>
    <Speaker dataType="RawString" fieldName="Speaker" href="http://live.visitmix.com/MIX11/Sessions/Speaker/Joe-Marini" originalElement="a" type="field">Joe Marini</Speaker>
    <Room dataType="RawString" fieldName="Room" originalElement="span" type="field">Breakers L</Room>
    <Date dataType="RawString" fieldName="Date" originalElement="span" type="field">Mon, Apr 11 1:30 PM - 5:00 PM</Date>
    <Description dataType="RawString" fieldName="Description" originalElement="p" type="field">jQuery has become one of the most popular JavaScript libraries for building rich, interactive, cross-browser Web sites and applications. In this session, Joe Marini will show you how to get started using the power of jQuery and its sister library jQueryUI to build your next-generation Web applications. Whether it’s animation, dynamic formatting, AJAX, or complicated UI, jQuery has the features you need to help tackle your hardest Web development problems.</Description>
    <Code dataType="RawString" fieldName="Code" originalElement="span" type="field">CMP05</Code>
    <Tag dataType="RawString" fieldName="Tag" href="http://live.visitmix.com/MIX11/Sessions/Tagged/jQuery" originalElement="a" type="field">jQuery</Tag>
  </Session>
  <Session groupName="Session" type="group">
    <Title dataType="RawString" fieldName="Title" href="http://channel9.msdn.com/events/MIX/MIX11/CMP03" originalElement="a" type="field">Silverlight Boot Camp</Title>
    <Speaker dataType="RawString" fieldName="Speaker" href="http://live.visitmix.com/MIX11/Sessions/Speaker/John-Papa" originalElement="a" type="field">John Papa</Speaker>
    <Speaker dataType="RawString" fieldName="Speaker" href="http://live.visitmix.com/MIX11/Sessions/Speaker/Mike-Taulty" originalElement="a" type="field">Mike Taulty</Speaker>
    <Room dataType="RawString" fieldName="Room" originalElement="span" type="field">Breakers H</Room>
    <Date dataType="RawString" fieldName="Date" originalElement="span" type="field">Mon, Apr 11 9:00 AM - 12:30 PM</Date>
    <Description dataType="RawString" fieldName="Description" originalElement="p" type="field">In this half-day workshop of demos with a few slides tagged on ;-) we’ll take a tour around the landscape of Silverlight applications. We’ll dig into the core platform capabilities, the tooling and we’ll dive into some of the patterns and frameworks that you’ll work with in getting data in and out of your Silverlight applications and onto the screen. We’ll demonstrate how to solve real problems using the core Silverlight features as well as the latest features in Silverlight 5, to get you ready for the upcoming week at MIX11! What we expect of you is that you have a basic awareness around .NET and Silverlight. What you can expect from us is a half-day bringing you up to speed on the essentials of building applications with Silverlight.</Description>
    <Code dataType="RawString" fieldName="Code" originalElement="span" type="field">CMP03</Code>
    <Tag dataType="RawString" fieldName="Tag" href="http://live.visitmix.com/MIX11/Sessions/Tagged/Silverlight" originalElement="a" type="field">Silverlight</Tag>
  </Session>
  <Session groupName="Session" type="group">
    <Title dataType="RawString" fieldName="Title" href="http://channel9.msdn.com/events/MIX/MIX11/CMP08" originalElement="a" type="field">Silverlight for SharePoint Boot Camp</Title>
    <Speaker dataType="RawString" fieldName="Speaker" href="http://live.visitmix.com/MIX11/Sessions/Speaker/Paul-Stubbs" originalElement="a" type="field">Paul Stubbs</Speaker>
    <Room dataType="RawString" fieldName="Room" originalElement="span" type="field">Breakers D</Room>
    <Date dataType="RawString" fieldName="Date" originalElement="span" type="field">Mon, Apr 11 1:30 PM - 5:00 PM</Date>
    <Description dataType="RawString" fieldName="Description" originalElement="p" type="field">SharePoint is the leading business application platform for sharing and collaborating. Silverlight 4 is the perfect tool for bringing SharePoint to life. Demand for developers who can create rich SharePoint applications using Silverlight is off the chart. Come learn how to build interactive SharePoint applications using Silverlight 4, JQuery and OData. Understand how designers and developers can work together using Expression Blend, Visual Studio, sample data, and data binding against SharePoint Lists.</Description>
    <Code dataType="RawString" fieldName="Code" originalElement="span" type="field">CMP08</Code>
    <Tag dataType="RawString" fieldName="Tag" href="http://live.visitmix.com/MIX11/Sessions/Tagged/Silverlight" originalElement="a" type="field">Silverlight</Tag>
  </Session>
</Sessions>