<?xml version="1.0" encoding="UTF-8"?> 
<gmd:MD_Metadata xmlns:srv="http://www.isotc211.org/2005/srv" xmlns:gml="http://www.opengis.net/gml"
xmlns:gco="http://www.isotc211.org/2005/gco" xmlns:gmd="http://www.isotc211.org/2005/gmd"
xmlns:xlink="http://www.w3.org/1999/xlink" xmlns:xsi="http://www.w3.org/2001/XMLSchema-instance"
xsi:schemaLocation="http://www.isotc211.org/2005/gmd ./xsd/gmd/gmd.xsd://www.isotc211.org/2005/srv
./xsd/srv/srv.xsd">
<!-- Part B 10.3 Metadata Language -->
<gmd:language>
<gmd:LanguageCode
codeList="http://standards.iso.org/ittf/PubliclyAvailableStandards/ISO_19139_Schemas/resources/Codelist/ML_gmx
Codelists.xml#LanguageCode" codeListValue="eng">eng</gmd:LanguageCode>
</gmd:language>
<!-- Part B 1.3 Resource type -->
<gmd:hierarchyLevel>
<gmd:MD_ScopeCode
codeList="http://standards.iso.org/ittf/PubliclyAvailableStandards/ISO_19139_Schemas/resources/Codelist/ML_gmx
Codelists.xml#MD_ScopeCode" codeListValue="dataset">dataset</gmd:MD_ScopeCode>
</gmd:hierarchyLevel>
<!-- Part B 10.1 Metadata Contact -->
<gmd:contact>
<gmd:CI_ResponsibleParty>
<gmd:individualName>
<gco:CharacterString>Johan Von Plausmoiden</gco:CharacterString>
</gmd:individualName>
<gmd:organisationName>
<gco:CharacterString>National Mapping Agency</gco:CharacterString>
</gmd:organisationName>
<gmd:contactInfo>
<gmd:CI_Contact>
<gmd:phone>
<gmd:CI_Telephone>
<gmd:voice>
<gco:CharacterString>+33.1.4321.8765</gco:CharacterString>
</gmd:voice>
<gmd:facsimile>
<gco:CharacterString>+33.1.4123.8567</gco:CharacterString>
</gmd:facsimile>
</gmd:CI_Telephone>
</gmd:phone>
<gmd:address>
<gmd:CI_Address>
<gmd:deliveryPoint>
<gco:CharacterString>3/4, avenue Pasteur</gco:CharacterString>
</gmd:deliveryPoint>
<gmd:city>
<gco:CharacterString>Saint-Manda</gco:CharacterString>
</gmd:city> 
<gmd:postalCode>
<gco:CharacterString>94160</gco:CharacterString>
</gmd:postalCode>
<gmd:country>
<gco:CharacterString>FRANCE</gco:CharacterString>
</gmd:country>
<gmd:electronicMailAddress>
<gco:CharacterString>johan.plaus@nmap.fr</gco:CharacterString>
</gmd:electronicMailAddress>
</gmd:CI_Address>
</gmd:address>
</gmd:CI_Contact>
</gmd:contactInfo>
<gmd:role>
<gmd:CI_RoleCode
codeList="http://standards.iso.org/ittf/PubliclyAvailableStandards/ISO_19139_Schemas/resources/Codelist/ML_gmx
Codelists.xml#CI_RoleCode" codeListValue="author">author</gmd:CI_RoleCode>
</gmd:role>
</gmd:CI_ResponsibleParty>
</gmd:contact>
<!-- Part B 10.2 Metadata Date -->
<gmd:dateStamp>
<gco:Date>2007-12-03</gco:Date>
</gmd:dateStamp>
<gmd:identificationInfo>
<gmd:MD_DataIdentification id="dataId">
<gmd:citation>
<gmd:CI_Citation>
<!-- Part B 1.1 Resource title -->
<gmd:title>
<gco:CharacterString> Sample dataset </gco:CharacterString>
</gmd:title>
<!-- Part B 5.4 Date of creation -->
<gmd:date>
<gmd:CI_Date>
<gmd:date>
<gco:Date>2005-12-02</gco:Date>
</gmd:date>
<gmd:dateType>
<gmd:CI_DateTypeCode
codeList="http://standards.iso.org/ittf/PubliclyAvailableStandards/ISO_19139_Schemas/resources/Codelist/ML_gmx
Codelists.xml#CI_DateTypeCode" codeListValue="creation">creation</gmd:CI_DateTypeCode>
</gmd:dateType>
</gmd:CI_Date>
</gmd:date>
<!-- Part B 5.2 Date of publication -->
<gmd:date>
<gmd:CI_Date>
<gmd:date>
<gco:Date>2005-12-14</gco:Date>
</gmd:date>
<gmd:dateType>
<gmd:CI_DateTypeCode
codeList="http://standards.iso.org/ittf/PubliclyAvailableStandards/ISO_19139_Schemas/resources/Codelist/ML_gmx
Codelists.xml#CI_DateTypeCode" codeListValue="publication">publication</gmd:CI_DateTypeCode>
</gmd:dateType>
</gmd:CI_Date>
</gmd:date>
<!-- Part B 5.3 Date of revision -->
<gmd:date>
<gmd:CI_Date>
<gmd:date>
<gco:Date>2006-01-02</gco:Date>
</gmd:date>
<gmd:dateType>
<gmd:CI_DateTypeCode
codeList="http://standards.iso.org/ittf/PubliclyAvailableStandards/ISO_19139_Schemas/resources/Codelist/ML_gmx
Codelists.xml#CI_DateTypeCode" codeListValue="revision">revision</gmd:CI_DateTypeCode>
</gmd:dateType>
</gmd:CI_Date>
</gmd:date>
<!-- Part B 5.2 Date of publication -->
<gmd:date>
<gmd:CI_Date>
<gmd:date>
<gco:Date>2006-01-10</gco:Date>
</gmd:date>
<gmd:dateType>
<gmd:CI_DateTypeCode
codeList="http://standards.iso.org/ittf/PubliclyAvailableStandards/ISO_19139_Schemas/resources/Codelist/ML_gmx
Codelists.xml#CI_DateTypeCode" codeListValue="publication">publication</gmd:CI_DateTypeCode>
</gmd:dateType>
</gmd:CI_Date>
</gmd:date>
<!-- Part B 5.3 Date of revision -->
<gmd:date>
<gmd:CI_Date>
<gmd:date>
<gco:Date>2007-09-12</gco:Date>
</gmd:date>
<gmd:dateType>
<gmd:CI_DateTypeCode
codeList="http://standards.iso.org/ittf/PubliclyAvailableStandards/ISO_19139_Schemas/resources/Codelist/ML_gmx
Codelists.xml#CI_DateTypeCode" codeListValue="revision">revision</gmd:CI_DateTypeCode>
</gmd:dateType>
</gmd:CI_Date>
</gmd:date>
<!-- Part B 5.3 Date of revision -->
<gmd:date>
<gmd:CI_Date>
<gmd:date>
<gco:Date>2007-03-12</gco:Date>
</gmd:date>
<gmd:dateType>
<gmd:CI_DateTypeCode
codeList="http://standards.iso.org/ittf/PubliclyAvailableStandards/ISO_19139_Schemas/resources/Codelist/ML_gmx
Codelists.xml#CI_DateTypeCode" codeListValue="revision">revision</gmd:CI_DateTypeCode>
</gmd:dateType>
</gmd:CI_Date>
</gmd:date>
<!-- Part B 1.5 Resource unique identifier -->
<gmd:identifier>
<gmd:RS_Identifier>
<gmd:code>
<gco:CharacterString>FR.IGN.BDHYDRO.9876543210</gco:CharacterString>
</gmd:code>
<gmd:codeSpace>
<gco:CharacterString>INSPIRE</gco:CharacterString>
</gmd:codeSpace>
</gmd:RS_Identifier>
</gmd:identifier>
<!-- Part B 1.5 Resource unique identifier -->
<gmd:identifier>
<gmd:RS_Identifier>
<gmd:code>
<gco:CharacterString>9876543210</gco:CharacterString>
</gmd:code>
<gmd:codeSpace>
<gco:CharacterString>http://www.ign.fr</gco:CharacterString>
</gmd:codeSpace>
</gmd:RS_Identifier>
</gmd:identifier>
<!-- Part B 1.5 Resource unique identifier -->
<gmd:identifier>
<gmd:RS_Identifier>
<gmd:code>
<gco:CharacterString>http://www.ign.fr/9876543210#dataId</gco:CharacterString>
</gmd:code>
</gmd:RS_Identifier>
</gmd:identifier>
</gmd:CI_Citation>
</gmd:citation>
<!-- Part B 1.2 Resource Abstract -->
<gmd:abstract>
<gco:CharacterString>This dataset does not exist. This is an ISO 19119 sample metadata set encoded in
XML using ISO 19139 encoding rules and XML Schema implementation of ISO 19115. </gco:CharacterString>
</gmd:abstract>
<!-- Part B 9 Organisation responsible for the establishment, management, maintenance and distribution of
spatial data sets and services -->
<gmd:pointOfContact>
<gmd:CI_ResponsibleParty>
<!-- Part B 9.1 Name of the Responsible party -->
<gmd:organisationName>
<gco:CharacterString>Institut Georaphique National (IGN)</gco:CharacterString>
</gmd:organisationName>
<gmd:contactInfo>
<gmd:CI_Contact>
<gmd:address>
<gmd:CI_Address>
<!-- Part B 9.1 E-mail address of the Responsible party -->
<gmd:electronicMailAddress>
<gco:CharacterString>support@natmap.fr</gco:CharacterString>
</gmd:electronicMailAddress>
</gmd:CI_Address>
</gmd:address>
</gmd:CI_Contact>
</gmd:contactInfo>
<!-- Part B 9.2 Responsible party role -->
<gmd:role>
<gmd:CI_RoleCode
codeList="http://standards.iso.org/ittf/PubliclyAvailableStandards/ISO_19139_Schemas/resources/Codelist/ML_gmx
Codelists.xml#CI_RoleCode" codeListValue="author">author</gmd:CI_RoleCode>
</gmd:role>
</gmd:CI_ResponsibleParty>
</gmd:pointOfContact>
<!-- Part B 3 Keyword from the GEMET Controlled Vocabulary. Here the keyword value is a theme (Annex
I.8) of INSPIRE-->
<gmd:descriptiveKeywords>
<gmd:MD_Keywords>
<!-- Part B 3.1 Keyword Value -->
<gmd:keyword>
<gco:CharacterString>Hydrography</gco:CharacterString>
</gmd:keyword>
<!-- Part B 3.2 Originating Controlled Vocabulary -->
<gmd:thesaurusName>
<gmd:CI_Citation>
<gmd:title>
<gco:CharacterString> GEMET Thesaurus version 1.0 </gco:CharacterString>
</gmd:title>
<gmd:date>
<gmd:CI_Date>
<gmd:date>
<gco:Date>2009-06-30</gco:Date>
</gmd:date>
<gmd:dateType>
<gmd:CI_DateTypeCode
codeList="http://standards.iso.org/ittf/PubliclyAvailableStandards/ISO_19139_Schemas/resources/Codelist/ML_gmx
Codelists.xml#CI_DateTypeCode" codeListValue="publication">publication</gmd:CI_DateTypeCode>
</gmd:dateType>
</gmd:CI_Date>
</gmd:date>
</gmd:CI_Citation>
</gmd:thesaurusName>
</gmd:MD_Keywords>
</gmd:descriptiveKeywords>
<!-- Part B 8 Constraints related to access and use -->
<gmd:resourceConstraints>
<gmd:MD_LegalConstraints>
<!-- Part B 8.2 Limitations on public access -->
<gmd:accessConstraints>
<gmd:MD_RestrictionCode
codeList="http://standards.iso.org/ittf/PubliclyAvailableStandards/ISO_19139_Schemas/resources/Codelist/ML_gmx
Codelists.xml#MD_RestrictionCode"
codeListValue="intellectualPropertyRights">intellectualPropertyRights</gmd:MD_RestrictionCode>
</gmd:accessConstraints>
</gmd:MD_LegalConstraints>
</gmd:resourceConstraints>
<!-- Part B 8 Constraints related to access and use -->
<gmd:resourceConstraints>
<gmd:MD_LegalConstraints>
<!-- Part B 8.1 Conditions applying to access and use -->
<gmd:useLimitation>
<gco:CharacterString>Not to be used for navigation</gco:CharacterString>
</gmd:useLimitation>
</gmd:MD_LegalConstraints>
</gmd:resourceConstraints>
<!-- Part B 8 Constraints related to access and use -->
<gmd:resourceConstraints>
<gmd:MD_SecurityConstraints>
<!-- Part B 8.2 Limitations on public access -->
<gmd:classification>
<gmd:MD_ClassificationCode
codeList="http://standards.iso.org/ittf/PubliclyAvailableStandards/ISO_19139_Schemas/resources/Codelist/ML_gmx
Codelists.xml#MD_ClassificationCode" codeListValue="unclassified">unclassified</gmd:MD_ClassificationCode>
</gmd:classification>
</gmd:MD_SecurityConstraints>
</gmd:resourceConstraints>
<!-- Part B 6.2 Spatial Resolution -->
<gmd:spatialResolution>
<gmd:MD_Resolution>
<gmd:equivalentScale>
<gmd:MD_RepresentativeFraction>
<gmd:denominator>
<gco:Integer>25000</gco:Integer>
</gmd:denominator>
</gmd:MD_RepresentativeFraction>
</gmd:equivalentScale>
</gmd:MD_Resolution>
</gmd:spatialResolution>
<gmd:spatialResolution>
<gmd:MD_Resolution>
<gmd:equivalentScale>
<gmd:MD_RepresentativeFraction>
<gmd:denominator>
<gco:Integer>50000</gco:Integer>
</gmd:denominator>
</gmd:MD_RepresentativeFraction>
</gmd:equivalentScale>
</gmd:MD_Resolution>
</gmd:spatialResolution>
<!-- Part B 6.2 Spatial Resolution -->
<gmd:spatialResolution>
<gmd:MD_Resolution>
<gmd:distance><gco:Distance
uom="http://standards.iso.org/ittf/PubliclyAvailableStandards/ISO_19139_Schemas/resources/uom/gmxUom.xml#m"
>3.0</gco:Distance></gmd:distance>
</gmd:MD_Resolution>
</gmd:spatialResolution>
<gmd:spatialResolution>
<gmd:MD_Resolution>
<gmd:distance><gco:Distance
uom="http://standards.iso.org/ittf/PubliclyAvailableStandards/ISO_19139_Schemas/resources/uom/gmxUom.xml#m"
>2.0</gco:Distance></gmd:distance>
</gmd:MD_Resolution>
</gmd:spatialResolution>
<!-- Part B 1.7 Resource Language -->
<gmd:language>
<gmd:LanguageCode
codeList="http://standards.iso.org/ittf/PubliclyAvailableStandards/ISO_19139_Schemas/resources/Codelist/ML_gmx
Codelists.xml#LanguageCode" codeListValue="eng">eng</gmd:LanguageCode>
</gmd:language>
<!-- Part B 2.1 Topic Category -->
<gmd:topicCategory>
<gmd:MD_TopicCategoryCode>inlandWaters</gmd:MD_TopicCategoryCode>
</gmd:topicCategory>
<!-- Part B 4.1 Geographic Bounding Box -->
<gmd:extent>
<gmd:EX_Extent>
<gmd:geographicElement>
<gmd:EX_GeographicBoundingBox>
<gmd:westBoundLongitude>
<gco:Decimal>+3.12</gco:Decimal>
</gmd:westBoundLongitude>
<gmd:eastBoundLongitude>
<gco:Decimal>+3.13</gco:Decimal>
</gmd:eastBoundLongitude>
<gmd:southBoundLatitude>
<gco:Decimal>+42.25</gco:Decimal>
</gmd:southBoundLatitude>
<gmd:northBoundLatitude>
<gco:Decimal>+42.26</gco:Decimal>
</gmd:northBoundLatitude>
</gmd:EX_GeographicBoundingBox>
</gmd:geographicElement>
<gmd:temporalElement>
<gmd:EX_TemporalExtent>
<gmd:extent>
<gml:TimeInstant gml:id="ti001">
<gml:timePosition frame='http://my.big.org/TRS/calendars/japanese'
calendarEraName="Meiji" indeterminatePosition="after">0085-03</gml:timePosition>
</gml:TimeInstant>
</gmd:extent>
</gmd:EX_TemporalExtent>
</gmd:temporalElement>
</gmd:EX_Extent>
</gmd:extent>
<gmd:extent>
<gmd:EX_Extent>
<gmd:temporalElement>
<gmd:EX_TemporalExtent>
<gmd:extent>
<gml:TimePeriod gml:id="tp001">
<gml:beginPosition>2001-01-01</gml:beginPosition>
<gml:endPosition>2001-03-31</gml:endPosition>
</gml:TimePeriod>
</gmd:extent>
</gmd:EX_TemporalExtent>
</gmd:temporalElement>
<gmd:temporalElement>
<gmd:EX_TemporalExtent>
<gmd:extent>
<gml:TimePeriod gml:id="tp002">
<gml:begin>
<gml:TimeInstant gml:id="ti002">
<gml:timePosition>2000-07-01</gml:timePosition>
</gml:TimeInstant>
</gml:begin>
<gml:end>
<gml:TimeInstant gml:id="ti003">
<gml:timePosition>2000-09-30</gml:timePosition>
</gml:TimeInstant>
</gml:end>
</gml:TimePeriod>
</gmd:extent>
</gmd:EX_TemporalExtent>
</gmd:temporalElement>
</gmd:EX_Extent>
</gmd:extent>
</gmd:MD_DataIdentification>
</gmd:identificationInfo>
<gmd:distributionInfo>
<gmd:MD_Distribution>
<gmd:transferOptions>
<gmd:MD_DigitalTransferOptions>
<gmd:onLine>
<gmd:CI_OnlineResource>
<!-- Part B 1.4 Resource locator -->
<gmd:linkage>
<gmd:URL>http://anywhere.com/Sample_Access_Point</gmd:URL>
</gmd:linkage>
</gmd:CI_OnlineResource>
</gmd:onLine>
<gmd:onLine>
<gmd:CI_OnlineResource>
<!-- Part B 1.4 Resource locator -->
<gmd:linkage>
<gmd:URL>http://anywhere.com/Sample_Access_Point2</gmd:URL>
</gmd:linkage>
</gmd:CI_OnlineResource>
</gmd:onLine>
</gmd:MD_DigitalTransferOptions>
</gmd:transferOptions>
</gmd:MD_Distribution>
</gmd:distributionInfo>
<gmd:dataQualityInfo>
<gmd:DQ_DataQuality>
<gmd:scope>
<gmd:DQ_Scope>
<gmd:level>
<gmd:MD_ScopeCode
codeList="http://standards.iso.org/ittf/PubliclyAvailableStandards/ISO_19139_Schemas/resources/Codelist/ML_gmx
Codelists.xml#MD_ScopeCode" codeListValue="dataset">dataset</gmd:MD_ScopeCode>
</gmd:level>
</gmd:DQ_Scope>
</gmd:scope>
<gmd:lineage>
<gmd:LI_Lineage>
<gmd:statement>
<gco:CharacterString>Purely virtual dataset created from the spirit of the
Author</gco:CharacterString>
</gmd:statement>
</gmd:LI_Lineage>
</gmd:lineage>
</gmd:DQ_DataQuality>
</gmd:dataQualityInfo>
</gmd:MD_Metadata>