<query columns="21" rows="1121">
	<row>
		<category>Natural</category>
		<criteria_txt>(ix)</criteria_txt>
		<danger/>
		<date_inscribed>2007</date_inscribed>
		<extension>1</extension>
		<http_url>https://whc.unesco.org/en/list/1133</http_url>
		<id_number>1133</id_number>
		<image_url>https://whc.unesco.org/uploads/sites/site_1133.jpg</image_url>
		<iso_code>al,at,be,bg,hr,de,it,ro,sk,si,es,ua</iso_code>
		<justification/>
		<latitude>49.0097222222</latitude>
		<location/>
		<longitude>22.3388888889</longitude>
		<region>Europe and North America</region>
		<revision>0</revision>
		<secondary_dates>2011,2017</secondary_dates>
		<short_description><p><span>This transboundary property stretches over 12 countries. Since the end of the last Ice Age, European Beech spread ...</span></p></short_description>
		<site>Ancient and Primeval Beech Forests of the Carpathians and Other Regions of Europe</site>
		<states>Albania,Austria,Belgium,Bulgaria,Croatia,Germany,Italy,Romania,Slovakia,Slovenia,Spain,Ukraine</states>
		<transboundary>1</transboundary>
		<unique_number>2152</unique_number>
	</row>
	<row>
		<category>Mixed</category>
		<criteria_txt>(i)(iii)(iv)(vii)</criteria_txt>
		<danger/>
		<date_inscribed>1979</date_inscribed>
		<extension>1</extension>
		<http_url>https://whc.unesco.org/en/list/99</http_url>
		<id_number>99</id_number>
		<image_url>https://whc.unesco.org/uploads/sites/site_99.jpg</image_url>
		<iso_code>al,mk</iso_code>
		<justification/>
		<latitude>40.9918333333</latitude>
		<location>Ohrid (municipality)</location>
		<longitude>20.7041666667</longitude>
		<region>Europe and North America</region>
		<revision>0</revision>
		<secondary_dates>2019,1980</secondary_dates>
		<short_description><p>A superlative natural phenomenon, Lake Ohrid provides a refuge for numerous endemic species of freshwater fauna and flora dating from the Tertiary period. Situated on the shores of the lake, the town of Ohrid is one of the oldest human settlements in Europe. Built mainly between the 7th and 19th centuries, it has the oldest Slav monastery (St Pantelejmon) and more than 800 Byzantine-style icons dating from the 11th to the end of the 14th century. In the shallow waters near the shores of the lake, three sites testify to the presence of prehistoric pile dwellings, and the small Lin Peninsula is the site of the remains of an Early Christian church founded in the middle of the 6th century.</p></short_description>
		<site>Natural and Cultural Heritage of the Ohrid region</site>
		<states>Albania,North Macedonia</states>
		<transboundary>1</transboundary>
		<unique_number>2313</unique_number>
	</row>
</query>